wavelength,intensity
458.333337,308
458.4166703,314
458.5000037,314
458.583337,314
458.6666703,316
458.7500037,314
458.833337,316
458.9166703,320
459.0000037,320
459.083337,320
459.1666703,320
459.2500037,322
459.333337,324
459.4166703,326
459.5000037,324
459.583337,326
459.6666703,324
459.7500037,326
459.833337,330
459.9166703,330
460.0000037,330
460.083337,332
460.1666703,334
460.2500037,332
460.333337,334
460.4166703,336
460.5000037,336
460.583337,340
460.6666704,340
460.7500037,340
460.833337,346
460.9166704,342
461.0000037,346
461.083337,346
461.1666704,346
461.2500037,346
461.333337,346
461.4166704,348
461.5000037,348
461.583337,352
461.6666704,352
461.7500037,352
461.833337,354
461.9166704,354
462.0000037,352
462.083337,356
462.1666704,358
462.2500037,360
462.333337,358
462.4166704,364
462.5000037,364
462.583337,364
462.6666704,364
462.7500037,364
462.833337,364
462.9166704,368
463.0000037,368
463.083337,368
463.1666704,370
463.2500037,376
463.333337,376
463.4166704,376
463.5000037,376
463.583337,376
463.6666704,376
463.7500037,376
463.833337,380
463.9166704,380
464.0000037,384
464.083337,382
464.1666704,384
464.2500037,384
464.333337,384
464.4166704,386
464.5000037,388
464.583337,388
464.6666704,392
464.7500037,390
464.8333371,392
464.9166704,394
465.0000037,392
465.0833371,396
465.1666704,396
465.2500037,398
465.3333371,398
465.4166704,400
465.5000037,398
465.5833371,402
465.6666704,400
465.7500037,406
465.8333371,404
465.9166704,406
466.0000037,406
466.0833371,410
466.1666704,412
466.2500037,410
466.3333371,412
466.4166704,410
466.5000037,412
466.5833371,414
466.6666704,414
466.7500037,416
466.8333371,418
466.9166704,418
467.0000037,420
467.0833371,420
467.1666704,422
467.2500037,424
467.3333371,424
467.4166704,424
467.5000037,424
467.5833371,428
467.6666704,426
467.7500037,430
467.8333371,430
467.9166704,434
468.0000037,432
468.0833371,434
468.1666704,432
468.2500037,436
468.3333371,436
468.4166704,436
468.5000037,436
468.5833371,440
468.6666704,440
468.7500037,440
468.8333371,444
468.9166704,444
469.0000038,446
469.0833371,448
469.1666704,444
469.2500038,448
469.3333371,448
469.4166704,450
469.5000038,450
469.5833371,452
469.6666704,452
469.7500038,456
469.8333371,456
469.9166704,456
470.0000038,456
470.0833371,458
470.1666704,460
470.2500038,458
470.3333371,460
470.4166704,460
470.5000038,462
470.5833371,464
470.6666704,466
470.7500038,464
470.8333371,468
470.9166704,468
471.0000038,468
471.0833371,472
471.1666704,472
471.2500038,472
471.3333371,472
471.4166704,476
471.5000038,476
471.5833371,476
471.6666704,478
471.7500038,476
471.8333371,480
471.9166704,478
472.0000038,482
472.0833371,482
472.1666704,480
472.2500038,484
472.3333371,482
472.4166704,486
472.5000038,486
472.5833371,486
472.6666704,486
472.7500038,490
472.8333371,490
472.9166704,492
473.0000038,492
473.0833371,492
473.1666705,496
473.2500038,496
473.3333371,496
473.4166705,498
473.5000038,498
473.5833371,500
473.6666705,500
473.7500038,498
473.8333371,500
473.9166705,502
474.0000038,502
474.0833371,504
474.1666705,508
474.2500038,508
474.3333371,508
474.4166705,510
474.5000038,512
474.5833371,512
474.6666705,512
474.7500038,512
474.8333371,512
474.9166705,516
475.0000038,516
475.0833371,512
475.1666705,516
475.2500038,516
475.3333371,520
475.4166705,518
475.5000038,518
475.5833371,520
475.6666705,522
475.7500038,520
475.8333371,522
475.9166705,524
476.0000038,522
476.0833371,524
476.1666705,526
476.2500038,528
476.3333371,526
476.4166705,528
476.5000038,528
476.5833371,530
476.6666705,530
476.7500038,532
476.8333371,532
476.9166705,534
477.0000038,536
477.0833371,536
477.1666705,538
477.2500038,540
477.3333372,538
477.4166705,540
477.5000038,542
477.5833372,540
477.6666705,542
477.7500038,544
477.8333372,544
477.9166705,546
478.0000038,544
478.0833372,548
478.1666705,548
478.2500038,548
478.3333372,548
478.4166705,550
478.5000038,550
478.5833372,552
478.6666705,550
478.7500038,556
478.8333372,554
478.9166705,558
479.0000038,556
479.0833372,556
479.1666705,560
479.2500038,556
479.3333372,560
479.4166705,560
479.5000038,560
479.5833372,562
479.6666705,560
479.7500038,560
479.8333372,564
479.9166705,566
480.0000038,568
480.0833372,566
480.1666705,568
480.2500038,568
480.3333372,568
480.4166705,570
480.5000038,572
480.5833372,570
480.6666705,572
480.7500038,572
480.8333372,576
480.9166705,572
481.0000038,576
481.0833372,576
481.1666705,576
481.2500038,576
481.3333372,578
481.4166705,580
481.5000039,580
481.5833372,580
481.6666705,582
481.7500039,584
481.8333372,584
481.9166705,584
482.0000039,588
482.0833372,588
482.1666705,588
482.2500039,590
482.3333372,592
482.4166705,592
482.5000039,592
482.5833372,592
482.6666705,592
482.7500039,592
482.8333372,592
482.9166705,596
483.0000039,594
483.0833372,600
483.1666705,596
483.2500039,600
483.3333372,598
483.4166705,600
483.5000039,602
483.5833372,604
483.6666705,602
483.7500039,600
483.8333372,604
483.9166705,604
484.0000039,608
484.0833372,604
484.1666705,606
484.2500039,604
484.3333372,610
484.4166705,610
484.5000039,612
484.5833372,612
484.6666705,610
484.7500039,612
484.8333372,614
484.9166705,614
485.0000039,616
485.0833372,616
485.1666705,618
485.2500039,620
485.3333372,618
485.4166705,616
485.5000039,620
485.5833372,622
485.6666706,622
485.7500039,622
485.8333372,624
485.9166706,624
486.0000039,620
486.0833372,626
486.1666706,628
486.2500039,628
486.3333372,628
486.4166706,628
486.5000039,632
486.5833372,628
486.6666706,632
486.7500039,632
486.8333372,632
486.9166706,632
487.0000039,632
487.0833372,632
487.1666706,632
487.2500039,636
487.3333372,638
487.4166706,640
487.5000039,638
487.5833372,642
487.6666706,640
487.7500039,640
487.8333372,642
487.9166706,644
488.0000039,640
488.0833372,644
488.1666706,648
488.2500039,644
488.3333372,646
488.4166706,648
488.5000039,648
488.5833372,650
488.6666706,648
488.7500039,652
488.8333372,652
488.9166706,650
489.0000039,652
489.0833372,652
489.1666706,658
489.2500039,654
489.3333372,658
489.4166706,656
489.5000039,656
489.5833372,660
489.6666706,660
489.7500039,660
489.8333373,660
489.9166706,660
490.0000039,660
490.0833373,664
490.1666706,664
490.2500039,662
490.3333373,666
490.4166706,666
490.5000039,664
490.5833373,666
490.6666706,670
490.7500039,668
490.8333373,670
490.9166706,670
491.0000039,668
491.0833373,672
491.1666706,670
491.2500039,674
491.3333373,674
491.4166706,676
491.5000039,676
491.5833373,674
491.6666706,678
491.7500039,674
491.8333373,676
491.9166706,678
492.0000039,678
492.0833373,682
492.1666706,680
492.2500039,678
492.3333373,678
492.4166706,684
492.5000039,682
492.5833373,682
492.6666706,684
492.7500039,684
492.8333373,684
492.9166706,684
493.0000039,686
493.0833373,686
493.1666706,692
493.2500039,688
493.3333373,690
493.4166706,690
493.5000039,690
493.5833373,694
493.6666706,692
493.7500039,696
493.8333373,692
493.9166706,692
494.000004,692
494.0833373,696
494.1666706,698
494.250004,696
494.3333373,700
494.4166706,698
494.500004,700
494.5833373,700
494.6666706,700
494.750004,702
494.8333373,702
494.9166706,702
495.000004,702
495.0833373,706
495.1666706,706
495.250004,704
495.3333373,704
495.4166706,706
495.500004,710
495.5833373,710
495.6666706,708
495.750004,712
495.8333373,712
495.9166706,712
496.000004,714
496.0833373,714
496.1666706,718
496.250004,716
496.3333373,714
496.4166706,718
496.500004,718
496.5833373,716
496.6666706,720
496.750004,720
496.8333373,722
496.9166706,722
497.000004,724
497.0833373,722
497.1666706,722
497.250004,726
497.3333373,724
497.4166706,728
497.500004,724
497.5833373,722
497.6666706,730
497.750004,728
497.8333373,730
497.9166706,728
498.000004,732
498.0833373,730
498.1666707,732
498.250004,732
498.3333373,732
498.4166707,732
498.500004,736
498.5833373,734
498.6666707,736
498.750004,734
498.8333373,736
498.9166707,738
499.000004,736
499.0833373,738
499.1666707,740
499.250004,740
499.3333373,742
499.4166707,740
499.500004,744
499.5833373,742
499.6666707,746
499.750004,742
499.8333373,748
499.9166707,746
500.000004,750
500.0833373,748
500.1666707,748
500.250004,748
500.3333373,750
500.4166707,750
500.500004,750
500.5833373,750
500.6666707,752
500.750004,752
500.8333373,756
500.9166707,754
501.000004,756
501.0833373,756
501.1666707,758
501.250004,758
501.3333373,756
501.4166707,760
501.500004,758
501.5833373,760
501.6666707,762
501.750004,762
501.8333373,762
501.9166707,762
502.000004,762
502.0833373,764
502.1666707,764
502.250004,766
502.3333374,764
502.4166707,766
502.500004,766
502.5833374,768
502.6666707,768
502.750004,768
502.8333374,768
502.9166707,770
503.000004,770
503.0833374,774
503.1666707,772
503.250004,774
503.3333374,774
503.4166707,774
503.500004,774
503.5833374,776
503.6666707,778
503.750004,776
503.8333374,778
503.9166707,778
504.000004,780
504.0833374,782
504.1666707,780
504.250004,780
504.3333374,780
504.4166707,784
504.500004,782
504.5833374,784
504.6666707,784
504.750004,786
504.8333374,786
504.9166707,788
505.000004,784
505.0833374,788
505.1666707,790
505.250004,788
505.3333374,790
505.4166707,792
505.500004,792
505.5833374,792
505.6666707,794
505.750004,794
505.8333374,792
505.9166707,796
506.000004,796
506.0833374,796
506.1666707,800
506.250004,798
506.3333374,800
506.4166707,798
506.5000041,800
506.5833374,800
506.6666707,800
506.7500041,800
506.8333374,800
506.9166707,802
507.0000041,806
507.0833374,804
507.1666707,806
507.2500041,806
507.3333374,808
507.4166707,808
507.5000041,810
507.5833374,808
507.6666707,810
507.7500041,812
507.8333374,812
507.9166707,812
508.0000041,814
508.0833374,814
508.1666707,812
508.2500041,816
508.3333374,814
508.4166707,818
508.5000041,816
508.5833374,816
508.6666707,816
508.7500041,820
508.8333374,818
508.9166707,822
509.0000041,820
509.0833374,822
509.1666707,824
509.2500041,820
509.3333374,824
509.4166707,824
509.5000041,828
509.5833374,826
509.6666707,824
509.7500041,826
509.8333374,828
509.9166707,826
510.0000041,830
510.0833374,830
510.1666707,832
510.2500041,830
510.3333374,830
510.4166707,832
510.5000041,834
510.5833374,836
510.6666708,836
510.7500041,832
510.8333374,836
510.9166708,834
511.0000041,836
511.0833374,838
511.1666708,836
511.2500041,838
511.3333374,840
511.4166708,840
511.5000041,842
511.5833374,844
511.6666708,840
511.7500041,844
511.8333374,846
511.9166708,848
512.0000041,846
512.0833374,850
512.1666708,850
512.2500041,848
512.3333374,850
512.4166708,850
512.5000041,850
512.5833374,852
512.6666708,852
512.7500041,852
512.8333374,852
512.9166708,856
513.0000041,856
513.0833374,854
513.1666708,854
513.2500041,858
513.3333374,856
513.4166708,858
513.5000041,858
513.5833374,860
513.6666708,864
513.7500041,860
513.8333374,862
513.9166708,862
514.0000041,864
514.0833374,862
514.1666708,866
514.2500041,864
514.3333374,866
514.4166708,866
514.5000041,868
514.5833374,870
514.6666708,868
514.7500041,866
514.8333375,872
514.9166708,874
515.0000041,872
515.0833375,870
515.1666708,872
515.2500041,872
515.3333375,876
515.4166708,874
515.5000041,874
515.5833375,876
515.6666708,878
515.7500041,876
515.8333375,876
515.9166708,880
516.0000041,880
516.0833375,880
516.1666708,880
516.2500041,882
516.3333375,882
516.4166708,882
516.5000041,882
516.5833375,886
516.6666708,884
516.7500041,886
516.8333375,888
516.9166708,886
517.0000041,888
517.0833375,888
517.1666708,888
517.2500041,888
517.3333375,892
517.4166708,892
517.5000041,892
517.5833375,896
517.6666708,894
517.7500041,894
517.8333375,892
517.9166708,894
518.0000041,894
518.0833375,896
518.1666708,896
518.2500041,898
518.3333375,900
518.4166708,898
518.5000041,902
518.5833375,900
518.6666708,898
518.7500041,904
518.8333375,902
518.9166708,902
519.0000042,902
519.0833375,904
519.1666708,904
519.2500042,906
519.3333375,904
519.4166708,908
519.5000042,910
519.5833375,908
519.6666708,908
519.7500042,912
519.8333375,910
519.9166708,910
520.0000042,912
520.0833375,914
520.1666708,916
520.2500042,914
520.3333375,916
520.4166708,912
520.5000042,916
520.5833375,920
520.6666708,916
520.7500042,920
520.8333375,920
520.9166708,922
521.0000042,922
521.0833375,920
521.1666708,924
521.2500042,924
521.3333375,922
521.4166708,926
521.5000042,926
521.5833375,924
521.6666708,928
521.7500042,926
521.8333375,926
521.9166708,930
522.0000042,930
522.0833375,930
522.1666708,928
522.2500042,930
522.3333375,930
522.4166708,928
522.5000042,934
522.5833375,932
522.6666708,934
522.7500042,936
522.8333375,936
522.9166708,936
523.0000042,938
523.0833375,940
523.1666709,938
523.2500042,936
523.3333375,940
523.4166709,942
523.5000042,940
523.5833375,940
523.6666709,944
523.7500042,944
523.8333375,944
523.9166709,948
524.0000042,946
524.0833375,948
524.1666709,948
524.2500042,948
524.3333375,950
524.4166709,950
524.5000042,952
524.5833375,948
524.6666709,952
524.7500042,952
524.8333375,954
524.9166709,952
525.0000042,956
525.0833375,956
525.1666709,956
525.2500042,956
525.3333375,962
525.4166709,956
525.5000042,958
525.5833375,958
525.6666709,960
525.7500042,964
525.8333375,962
525.9166709,962
526.0000042,964
526.0833375,962
526.1666709,966
526.2500042,966
526.3333375,966
526.4166709,968
526.5000042,968
526.5833375,966
526.6666709,968
526.7500042,970
526.8333375,970
526.9166709,972
527.0000042,974
527.0833375,976
527.1666709,972
527.2500042,974
527.3333376,976
527.4166709,976
527.5000042,978
527.5833376,976
527.6666709,978
527.7500042,980
527.8333376,980
527.9166709,982
528.0000042,980
528.0833376,980
528.1666709,984
528.2500042,984
528.3333376,982
528.4166709,986
528.5000042,984
528.5833376,988
528.6666709,988
528.7500042,988
528.8333376,988
528.9166709,990
529.0000042,988
529.0833376,988
529.1666709,992
529.2500042,988
529.3333376,992
529.4166709,994
529.5000042,992
529.5833376,992
529.6666709,998
529.7500042,996
529.8333376,996
529.9166709,998
530.0000042,1000
530.0833376,998
530.1666709,1002
530.2500042,1000
530.3333376,1004
530.4166709,1000
530.5000042,1008
530.5833376,1002
530.6666709,1006
530.7500042,1006
530.8333376,1006
530.9166709,1008
531.0000042,1008
531.0833376,1006
531.1666709,1008
531.2500042,1008
531.3333376,1012
531.4166709,1014
531.5000043,1012
531.5833376,1014
531.6666709,1012
531.7500043,1012
531.8333376,1014
531.9166709,1016
532.0000043,1018
532.0833376,1016
532.1666709,1018
532.2500043,1020
532.3333376,1020
532.4166709,1020
532.5000043,1022
532.5833376,1024
532.6666709,1024
532.7500043,1024
532.8333376,1026
532.9166709,1024
533.0000043,1026
533.0833376,1028
533.1666709,1028
533.2500043,1028
533.3333376,1028
533.4166709,1028
533.5000043,1032
533.5833376,1032
533.6666709,1030
533.7500043,1032
533.8333376,1032
533.9166709,1034
534.0000043,1034
534.0833376,1034
534.1666709,1036
534.2500043,1038
534.3333376,1040
534.4166709,1038
534.5000043,1040
534.5833376,1040
534.6666709,1042
534.7500043,1040
534.8333376,1040
534.9166709,1044
535.0000043,1046
535.0833376,1046
535.1666709,1048
535.2500043,1044
535.3333376,1048
535.4166709,1048
535.5000043,1050
535.5833376,1050
535.666671,1050
535.7500043,1052
535.8333376,1052
535.916671,1052
536.0000043,1052
536.0833376,1056
536.166671,1054
536.2500043,1058
536.3333376,1054
536.416671,1058
536.5000043,1058
536.5833376,1060
536.666671,1060
536.7500043,1062
536.8333376,1062
536.916671,1064
537.0000043,1064
537.0833376,1064
537.166671,1066
537.2500043,1068
537.3333376,1068
537.416671,1068
537.5000043,1070
537.5833376,1068
537.666671,1070
537.7500043,1070
537.8333376,1074
537.916671,1072
538.0000043,1078
538.0833376,1072
538.166671,1072
538.2500043,1078
538.3333376,1078
538.416671,1078
538.5000043,1082
538.5833376,1080
538.666671,1080
538.7500043,1080
538.8333376,1084
538.916671,1082
539.0000043,1084
539.0833376,1084
539.166671,1088
539.2500043,1088
539.3333376,1088
539.416671,1090
539.5000043,1090
539.5833376,1090
539.666671,1092
539.7500043,1090
539.8333377,1092
539.916671,1096
540.0000043,1096
540.0833377,1092
540.166671,1098
540.2500043,1098
540.3333377,1098
540.416671,1102
540.5000043,1102
540.5833377,1104
540.666671,1104
540.7500043,1102
540.8333377,1104
540.916671,1104
541.0000043,1106
541.0833377,1104
541.166671,1108
541.2500043,1110
541.3333377,1108
541.416671,1110
541.5000043,1112
541.5833377,1116
541.666671,1114
541.7500043,1116
541.8333377,1114
541.916671,1116
542.0000043,1118
542.0833377,1116
542.166671,1120
542.2500043,1120
542.3333377,1118
542.416671,1120
542.5000043,1126
542.5833377,1122
542.666671,1124
542.7500043,1124
542.8333377,1124
542.916671,1124
543.0000043,1128
543.0833377,1128
543.166671,1130
543.2500043,1132
543.3333377,1130
543.416671,1132
543.5000043,1132
543.5833377,1136
543.666671,1134
543.7500043,1136
543.8333377,1138
543.916671,1140
544.0000044,1138
544.0833377,1140
544.166671,1140
544.2500044,1142
544.3333377,1140
544.416671,1144
544.5000044,1144
544.5833377,1146
544.666671,1142
544.7500044,1146
544.8333377,1148
544.916671,1148
545.0000044,1150
545.0833377,1150
545.166671,1152
545.2500044,1154
545.3333377,1152
545.416671,1156
545.5000044,1156
545.5833377,1154
545.666671,1156
545.7500044,1158
545.8333377,1158
545.916671,1158
546.0000044,1160
546.0833377,1162
546.166671,1164
546.2500044,1162
546.3333377,1162
546.416671,1164
546.5000044,1164
546.5833377,1166
546.666671,1166
546.7500044,1168
546.8333377,1168
546.916671,1174
547.0000044,1170
547.0833377,1176
547.166671,1172
547.2500044,1172
547.3333377,1174
547.416671,1174
547.5000044,1180
547.5833377,1176
547.666671,1178
547.7500044,1182
547.8333377,1180
547.916671,1182
548.0000044,1184
548.0833377,1184
548.1666711,1184
548.2500044,1184
548.3333377,1186
548.4166711,1184
548.5000044,1188
548.5833377,1188
548.6666711,1192
548.7500044,1190
548.8333377,1192
548.9166711,1192
549.0000044,1196
549.0833377,1196
549.1666711,1196
549.2500044,1196
549.3333377,1198
549.4166711,1202
549.5000044,1200
549.5833377,1204
549.6666711,1200
549.7500044,1204
549.8333377,1202
549.9166711,1202
550.0000044,1204
550.0833377,1208
550.1666711,1208
550.2500044,1208
550.3333377,1208
550.4166711,1210
550.5000044,1212
550.5833377,1212
550.6666711,1214
550.7500044,1216
550.8333377,1216
550.9166711,1218
551.0000044,1218
551.0833377,1216
551.1666711,1218
551.2500044,1220
551.3333377,1222
551.4166711,1224
551.5000044,1224
551.5833377,1222
551.6666711,1228
551.7500044,1228
551.8333377,1228
551.9166711,1228
552.0000044,1228
552.0833377,1230
552.1666711,1228
552.2500044,1230
552.3333378,1232
552.4166711,1230
552.5000044,1238
552.5833378,1236
552.6666711,1238
552.7500044,1238
552.8333378,1240
552.9166711,1240
553.0000044,1242
553.0833378,1242
553.1666711,1242
553.2500044,1242
553.3333378,1244
553.4166711,1242
553.5000044,1246
553.5833378,1244
553.6666711,1248
553.7500044,1248
553.8333378,1248
553.9166711,1248
554.0000044,1256
554.0833378,1246
554.1666711,1254
554.2500044,1258
554.3333378,1256
554.4166711,1258
554.5000044,1256
554.5833378,1256
554.6666711,1260
554.7500044,1258
554.8333378,1262
554.9166711,1264
555.0000044,1264
555.0833378,1262
555.1666711,1260
555.2500044,1262
555.3333378,1266
555.4166711,1266
555.5000044,1270
555.5833378,1268
555.6666711,1270
555.7500044,1270
555.8333378,1274
555.9166711,1272
556.0000044,1274
556.0833378,1276
556.1666711,1274
556.2500045,1276
556.3333378,1280
556.4166711,1276
556.5000045,1280
556.5833378,1278
556.6666711,1280
556.7500045,1280
556.8333378,1280
556.9166711,1284
557.0000045,1280
557.0833378,1284
557.1666711,1286
557.2500045,1284
557.3333378,1286
557.4166711,1290
557.5000045,1286
557.5833378,1288
557.6666711,1290
557.7500045,1286
557.8333378,1292
557.9166711,1292
558.0000045,1292
558.0833378,1296
558.1666711,1294
558.2500045,1296
558.3333378,1294
558.4166711,1294
558.5000045,1300
558.5833378,1300
558.6666711,1300
558.7500045,1300
558.8333378,1306
558.9166711,1304
559.0000045,1310
559.0833378,1304
559.1666711,1306
559.2500045,1308
559.3333378,1308
559.4166711,1310
559.5000045,1310
559.5833378,1310
559.6666711,1314
559.7500045,1312
559.8333378,1310
559.9166711,1314
560.0000045,1318
560.0833378,1316
560.1666711,1316
560.2500045,1318
560.3333378,1320
560.4166712,1322
560.5000045,1318
560.5833378,1322
560.6666712,1322
560.7500045,1324
560.8333378,1324
560.9166712,1324
561.0000045,1328
561.0833378,1326
561.1666712,1330
561.2500045,1330
561.3333378,1332
561.4166712,1334
561.5000045,1334
561.5833378,1330
561.6666712,1332
561.7500045,1334
561.8333378,1336
561.9166712,1334
562.0000045,1336
562.0833378,1340
562.1666712,1340
562.2500045,1338
562.3333378,1340
562.4166712,1340
562.5000045,1344
562.5833378,1342
562.6666712,1344
562.7500045,1344
562.8333378,1346
562.9166712,1348
563.0000045,1344
563.0833378,1348
563.1666712,1348
563.2500045,1352
563.3333378,1352
563.4166712,1352
563.5000045,1354
563.5833378,1354
563.6666712,1356
563.7500045,1356
563.8333378,1356
563.9166712,1358
564.0000045,1360
564.0833378,1360
564.1666712,1360
564.2500045,1360
564.3333378,1362
564.4166712,1362
564.5000045,1366
564.5833379,1366
564.6666712,1366
564.7500045,1366
564.8333379,1368
564.9166712,1368
565.0000045,1370
565.0833379,1372
565.1666712,1372
565.2500045,1370
565.3333379,1374
565.4166712,1376
565.5000045,1374
565.5833379,1374
565.6666712,1376
565.7500045,1376
565.8333379,1376
565.9166712,1378
566.0000045,1380
566.0833379,1382
566.1666712,1382
566.2500045,1382
566.3333379,1382
566.4166712,1386
566.5000045,1386
566.5833379,1386
566.6666712,1384
566.7500045,1388
566.8333379,1388
566.9166712,1390
567.0000045,1390
567.0833379,1390
567.1666712,1390
567.2500045,1392
567.3333379,1394
567.4166712,1396
567.5000045,1396
567.5833379,1396
567.6666712,1396
567.7500045,1398
567.8333379,1398
567.9166712,1398
568.0000045,1400
568.0833379,1400
568.1666712,1404
568.2500045,1404
568.3333379,1406
568.4166712,1408
568.5000045,1408
568.5833379,1406
568.6666712,1410
568.7500046,1408
568.8333379,1410
568.9166712,1408
569.0000046,1410
569.0833379,1410
569.1666712,1416
569.2500046,1414
569.3333379,1412
569.4166712,1414
569.5000046,1416
569.5833379,1416
569.6666712,1418
569.7500046,1418
569.8333379,1418
569.9166712,1422
570.0000046,1420
570.0833379,1422
570.1666712,1424
570.2500046,1422
570.3333379,1428
570.4166712,1426
570.5000046,1424
570.5833379,1426
570.6666712,1430
570.7500046,1430
570.8333379,1432
570.9166712,1434
571.0000046,1430
571.0833379,1430
571.1666712,1434
571.2500046,1434
571.3333379,1436
571.4166712,1436
571.5000046,1438
571.5833379,1438
571.6666712,1438
571.7500046,1440
571.8333379,1440
571.9166712,1440
572.0000046,1442
572.0833379,1446
572.1666712,1444
572.2500046,1444
572.3333379,1446
572.4166712,1448
572.5000046,1448
572.5833379,1448
572.6666712,1448
572.7500046,1448
572.8333379,1452
572.9166713,1452
573.0000046,1452
573.0833379,1458
573.1666713,1456
573.2500046,1456
573.3333379,1456
573.4166713,1456
573.5000046,1458
573.5833379,1458
573.6666713,1458
573.7500046,1462
573.8333379,1460
573.9166713,1462
574.0000046,1462
574.0833379,1464
574.1666713,1468
574.2500046,1466
574.3333379,1466
574.4166713,1470
574.5000046,1468
574.5833379,1468
574.6666713,1468
574.7500046,1468
574.8333379,1474
574.9166713,1476
575.0000046,1472
575.0833379,1478
575.1666713,1476
575.2500046,1478
575.3333379,1478
575.4166713,1480
575.5000046,1478
575.5833379,1480
575.6666713,1482
575.7500046,1480
575.8333379,1482
575.9166713,1486
576.0000046,1486
576.0833379,1484
576.1666713,1486
576.2500046,1488
576.3333379,1488
576.4166713,1492
576.5000046,1492
576.5833379,1492
576.6666713,1494
576.7500046,1494
576.8333379,1496
576.9166713,1496
577.0000046,1496
577.083338,1498
577.1666713,1498
577.2500046,1498
577.333338,1502
577.4166713,1502
577.5000046,1502
577.583338,1502
577.6666713,1504
577.7500046,1506
577.833338,1506
577.9166713,1506
578.0000046,1510
578.083338,1508
578.1666713,1512
578.2500046,1512
578.333338,1512
578.4166713,1514
578.5000046,1512
578.583338,1514
578.6666713,1514
578.7500046,1518
578.833338,1518
578.9166713,1520
579.0000046,1520
579.083338,1522
579.1666713,1524
579.2500046,1526
579.333338,1524
579.4166713,1526
579.5000046,1528
579.583338,1528
579.6666713,1530
579.7500046,1530
579.833338,1532
579.9166713,1532
580.0000046,1534
580.083338,1536
580.1666713,1536
580.2500046,1536
580.333338,1536
580.4166713,1538
580.5000046,1538
580.583338,1536
580.6666713,1540
580.7500046,1542
580.833338,1538
580.9166713,1544
581.0000046,1544
581.083338,1548
581.1666713,1548
581.2500047,1546
581.333338,1548
581.4166713,1550
581.5000047,1550
581.583338,1554
581.6666713,1554
581.7500047,1554
581.833338,1558
581.9166713,1554
582.0000047,1556
582.083338,1560
582.1666713,1564
582.2500047,1562
582.333338,1564
582.4166713,1566
582.5000047,1564
582.583338,1566
582.6666713,1568
582.7500047,1568
582.833338,1566
582.9166713,1572
583.0000047,1572
583.083338,1574
583.1666713,1574
583.2500047,1574
583.333338,1576
583.4166713,1580
583.5000047,1580
583.583338,1580
583.6666713,1580
583.7500047,1584
583.833338,1588
583.9166713,1584
584.0000047,1586
584.083338,1588
584.1666713,1592
584.2500047,1594
584.333338,1592
584.4166713,1594
584.5000047,1592
584.583338,1592
584.6666713,1596
584.7500047,1598
584.833338,1602
584.9166713,1606
585.0000047,1600
585.083338,1606
585.1666713,1604
585.2500047,1604
585.333338,1604
585.4166714,1608
585.5000047,1612
585.583338,1608
585.6666714,1612
585.7500047,1616
585.833338,1612
585.9166714,1614
586.0000047,1618
586.083338,1620
586.1666714,1618
586.2500047,1620
586.333338,1624
586.4166714,1622
586.5000047,1626
586.583338,1624
586.6666714,1628
586.7500047,1628
586.833338,1630
586.9166714,1632
587.0000047,1632
587.083338,1636
587.1666714,1640
587.2500047,1636
587.333338,1636
587.4166714,1640
587.5000047,1640
587.583338,1644
587.6666714,1646
587.7500047,1650
587.833338,1646
587.9166714,1648
588.0000047,1652
588.083338,1656
588.1666714,1654
588.2500047,1656
588.333338,1656
588.4166714,1660
588.5000047,1662
588.583338,1672
588.6666714,1676
588.7500047,1682
588.833338,1688
588.9166714,1690
589.0000047,1692
589.083338,1692
589.1666714,1696
589.2500047,1696
589.333338,1692
589.4166714,1692
589.5000047,1692
589.5833381,1692
589.6666714,1690
589.7500047,1696
589.8333381,1690
589.9166714,1692
590.0000047,1690
590.0833381,1694
590.1666714,1692
590.2500047,1690
590.3333381,1692
590.4166714,1696
590.5000047,1696
590.5833381,1698
590.6666714,1698
590.7500047,1700
590.8333381,1702
590.9166714,1702
591.0000047,1704
591.0833381,1706
591.1666714,1708
591.2500047,1710
591.3333381,1712
591.4166714,1712
591.5000047,1716
591.5833381,1716
591.6666714,1716
591.7500047,1718
591.8333381,1722
591.9166714,1724
592.0000047,1724
592.0833381,1726
592.1666714,1728
592.2500047,1728
592.3333381,1732
592.4166714,1730
592.5000047,1736
592.5833381,1736
592.6666714,1738
592.7500047,1738
592.8333381,1740
592.9166714,1744
593.0000047,1742
593.0833381,1746
593.1666714,1750
593.2500047,1750
593.3333381,1752
593.4166714,1754
593.5000047,1756
593.5833381,1760
593.6666714,1758
593.7500048,1762
593.8333381,1764
593.9166714,1764
594.0000048,1762
594.0833381,1764
594.1666714,1768
594.2500048,1772
594.3333381,1772
594.4166714,1772
594.5000048,1776
594.5833381,1780
594.6666714,1778
594.7500048,1780
594.8333381,1782
594.9166714,1782
595.0000048,1784
595.0833381,1786
595.1666714,1788
595.2500048,1790
595.3333381,1792
595.4166714,1792
595.5000048,1794
595.5833381,1796
595.6666714,1798
595.7500048,1800
595.8333381,1804
595.9166714,1804
596.0000048,1806
596.0833381,1806
596.1666714,1810
596.2500048,1812
596.3333381,1814
596.4166714,1814
596.5000048,1816
596.5833381,1820
596.6666714,1820
596.7500048,1824
596.8333381,1826
596.9166714,1828
597.0000048,1828
597.0833381,1834
597.1666714,1832
597.2500048,1832
597.3333381,1838
597.4166714,1836
597.5000048,1838
597.5833381,1842
597.6666714,1844
597.7500048,1848
597.8333381,1848
597.9166715,1848
598.0000048,1852
598.0833381,1852
598.1666715,1854
598.2500048,1856
598.3333381,1856
598.4166715,1856
598.5000048,1862
598.5833381,1862
598.6666715,1866
598.7500048,1866
598.8333381,1870
598.9166715,1872
599.0000048,1872
599.0833381,1876
599.1666715,1878
599.2500048,1882
599.3333381,1880
599.4166715,1882
599.5000048,1888
599.5833381,1884
599.6666715,1890
599.7500048,1892
599.8333381,1896
599.9166715,1892
600.0000048,1898
600.0833381,1898
600.1666715,1900
600.2500048,1904
600.3333381,1906
600.4166715,1910
600.5000048,1906
600.5833381,1912
600.6666715,1912
600.7500048,1912
600.8333381,1918
600.9166715,1914
601.0000048,1922
601.0833381,1924
601.1666715,1924
601.2500048,1928
601.3333381,1930
601.4166715,1930
601.5000048,1932
601.5833381,1936
601.6666715,1936
601.7500048,1938
601.8333381,1942
601.9166715,1944
602.0000048,1944
602.0833382,1948
602.1666715,1952
602.2500048,1952
602.3333382,1956
602.4166715,1956
602.5000048,1962
602.5833382,1960
602.6666715,1962
602.7500048,1964
602.8333382,1966
602.9166715,1970
603.0000048,1970
603.0833382,1972
603.1666715,1972
603.2500048,1976
603.3333382,1980
603.4166715,1980
603.5000048,1984
603.5833382,1986
603.6666715,1988
603.7500048,1992
603.8333382,1992
603.9166715,1994
604.0000048,1996
604.0833382,1996
604.1666715,1998
604.2500048,2002
604.3333382,2002
604.4166715,2006
604.5000048,2012
604.5833382,2014
604.6666715,2012
604.7500048,2014
604.8333382,2016
604.9166715,2020
605.0000048,2020
605.0833382,2024
605.1666715,2024
605.2500048,2026
605.3333382,2028
605.4166715,2034
605.5000048,2036
605.5833382,2038
605.6666715,2038
605.7500048,2046
605.8333382,2044
605.9166715,2046
606.0000048,2048
606.0833382,2048
606.1666715,2050
606.2500049,2052
606.3333382,2054
606.4166715,2058
606.5000049,2060
606.5833382,2060
606.6666715,2064
606.7500049,2062
606.8333382,2068
606.9166715,2070
607.0000049,2072
607.0833382,2074
607.1666715,2076
607.2500049,2078
607.3333382,2080
607.4166715,2082
607.5000049,2086
607.5833382,2088
607.6666715,2090
607.7500049,2090
607.8333382,2096
607.9166715,2094
608.0000049,2098
608.0833382,2100
608.1666715,2102
608.2500049,2104
608.3333382,2104
608.4166715,2110
608.5000049,2114
608.5833382,2110
608.6666715,2114
608.7500049,2120
608.8333382,2118
608.9166715,2122
609.0000049,2122
609.0833382,2126
609.1666715,2130
609.2500049,2132
609.3333382,2134
609.4166715,2134
609.5000049,2136
609.5833382,2140
609.6666715,2142
609.7500049,2146
609.8333382,2144
609.9166715,2148
610.0000049,2154
610.0833382,2156
610.1666715,2154
610.2500049,2158
610.3333382,2160
610.4166716,2164
610.5000049,2164
610.5833382,2164
610.6666716,2168
610.7500049,2170
610.8333382,2174
610.9166716,2176
611.0000049,2176
611.0833382,2180
611.1666716,2182
611.2500049,2184
611.3333382,2186
611.4166716,2190
611.5000049,2190
611.5833382,2194
611.6666716,2196
611.7500049,2196
611.8333382,2198
611.9166716,2204
612.0000049,2202
612.0833382,2208
612.1666716,2210
612.2500049,2208
612.3333382,2212
612.4166716,2216
612.5000049,2216
612.5833382,2220
612.6666716,2220
612.7500049,2224
612.8333382,2226
612.9166716,2228
613.0000049,2228
613.0833382,2232
613.1666716,2236
613.2500049,2238
613.3333382,2240
613.4166716,2242
613.5000049,2248
613.5833382,2246
613.6666716,2248
613.7500049,2250
613.8333382,2252
613.9166716,2256
614.0000049,2260
614.0833382,2258
614.1666716,2264
614.2500049,2266
614.3333382,2268
614.4166716,2268
614.5000049,2270
614.5833383,2274
614.6666716,2274
614.7500049,2276
614.8333383,2284
614.9166716,2286
615.0000049,2284
615.0833383,2288
615.1666716,2290
615.2500049,2292
615.3333383,2296
615.4166716,2298
615.5000049,2300
615.5833383,2302
615.6666716,2304
615.7500049,2304
615.8333383,2308
615.9166716,2310
616.0000049,2312
616.0833383,2314
616.1666716,2318
616.2500049,2316
616.3333383,2322
616.4166716,2328
616.5000049,2328
616.5833383,2328
616.6666716,2334
616.7500049,2334
616.8333383,2334
616.9166716,2340
617.0000049,2344
617.0833383,2346
617.1666716,2348
617.2500049,2348
617.3333383,2350
617.4166716,2356
617.5000049,2356
617.5833383,2354
617.6666716,2356
617.7500049,2364
617.8333383,2364
617.9166716,2366
618.0000049,2368
618.0833383,2370
618.1666716,2374
618.2500049,2376
618.3333383,2380
618.4166716,2380
618.5000049,2380
618.5833383,2386
618.6666716,2388
618.750005,2390
618.8333383,2392
618.9166716,2394
619.000005,2396
619.0833383,2402
619.1666716,2402
619.250005,2404
619.3333383,2404
619.4166716,2408
619.500005,2410
619.5833383,2410
619.6666716,2414
619.750005,2418
619.8333383,2420
619.9166716,2424
620.000005,2424
620.0833383,2426
620.1666716,2430
620.250005,2432
620.3333383,2436
620.4166716,2434
620.500005,2438
620.5833383,2442
620.6666716,2442
620.750005,2446
620.8333383,2448
620.9166716,2450
621.000005,2452
621.0833383,2456
621.1666716,2456
621.250005,2460
621.3333383,2462
621.4166716,2468
621.500005,2464
621.5833383,2468
621.6666716,2474
621.750005,2474
621.8333383,2476
621.9166716,2480
622.000005,2480
622.0833383,2484
622.1666716,2486
622.250005,2492
622.3333383,2490
622.4166716,2494
622.500005,2492
622.5833383,2496
622.6666716,2502
622.750005,2502
622.8333383,2506
622.9166717,2508
623.000005,2508
623.0833383,2508
623.1666717,2512
623.250005,2516
623.3333383,2518
623.4166717,2520
623.500005,2524
623.5833383,2524
623.6666717,2532
623.750005,2532
623.8333383,2532
623.9166717,2534
624.000005,2536
624.0833383,2540
624.1666717,2544
624.250005,2544
624.3333383,2550
624.4166717,2548
624.500005,2548
624.5833383,2554
624.6666717,2556
624.750005,2556
624.8333383,2560
624.9166717,2560
625.000005,2562
625.0833383,2568
625.1666717,2568
625.250005,2570
625.3333383,2572
625.4166717,2576
625.500005,2580
625.5833383,2580
625.6666717,2582
625.750005,2584
625.8333383,2588
625.9166717,2588
626.000005,2594
626.0833383,2594
626.1666717,2596
626.250005,2600
626.3333383,2602
626.4166717,2604
626.500005,2606
626.5833383,2610
626.6666717,2612
626.750005,2614
626.8333383,2616
626.9166717,2620
627.000005,2618
627.0833384,2624
627.1666717,2624
627.250005,2628
627.3333384,2630
627.4166717,2636
627.500005,2636
627.5833384,2638
627.6666717,2642
627.750005,2642
627.8333384,2644
627.9166717,2646
628.000005,2654
628.0833384,2652
628.1666717,2658
628.250005,2656
628.3333384,2660
628.4166717,2664
628.500005,2666
628.5833384,2668
628.6666717,2670
628.750005,2672
628.8333384,2674
628.9166717,2676
629.000005,2678
629.0833384,2680
629.1666717,2684
629.250005,2686
629.3333384,2690
629.4166717,2692
629.500005,2694
629.5833384,2696
629.6666717,2698
629.750005,2700
629.8333384,2704
629.9166717,2706
630.000005,2708
630.0833384,2714
630.1666717,2714
630.250005,2714
630.3333384,2716
630.4166717,2720
630.500005,2724
630.5833384,2724
630.6666717,2728
630.750005,2730
630.8333384,2732
630.9166717,2732
631.000005,2738
631.0833384,2740
631.1666717,2742
631.2500051,2744
631.3333384,2748
631.4166717,2748
631.5000051,2754
631.5833384,2752
631.6666717,2760
631.7500051,2760
631.8333384,2760
631.9166717,2764
632.0000051,2768
632.0833384,2768
632.1666717,2772
632.2500051,2774
632.3333384,2776
632.4166717,2778
632.5000051,2780
632.5833384,2784
632.6666717,2786
632.7500051,2788
632.8333384,2790
632.9166717,2792
633.0000051,2796
633.0833384,2796
633.1666717,2800
633.2500051,2802
633.3333384,2804
633.4166717,2808
633.5000051,2810
633.5833384,2810
633.6666717,2812
633.7500051,2816
633.8333384,2816
633.9166717,2820
634.0000051,2820
634.0833384,2824
634.1666717,2826
634.2500051,2828
634.3333384,2834
634.4166717,2834
634.5000051,2838
634.5833384,2840
634.6666717,2842
634.7500051,2844
634.8333384,2846
634.9166717,2848
635.0000051,2852
635.0833384,2852
635.1666717,2858
635.2500051,2860
635.3333384,2860
635.4166718,2864
635.5000051,2866
635.5833384,2870
635.6666718,2870
635.7500051,2872
635.8333384,2876
635.9166718,2878
636.0000051,2882
636.0833384,2882
636.1666718,2884
636.2500051,2888
636.3333384,2890
636.4166718,2894
636.5000051,2896
636.5833384,2900
636.6666718,2900
636.7500051,2904
636.8333384,2906
636.9166718,2906
637.0000051,2910
637.0833384,2912
637.1666718,2916
637.2500051,2916
637.3333384,2920
637.4166718,2924
637.5000051,2924
637.5833384,2926
637.6666718,2928
637.7500051,2932
637.8333384,2934
637.9166718,2936
638.0000051,2938
638.0833384,2940
638.1666718,2946
638.2500051,2944
638.3333384,2948
638.4166718,2952
638.5000051,2952
638.5833384,2956
638.6666718,2960
638.7500051,2960
638.8333384,2966
638.9166718,2964
639.0000051,2968
639.0833384,2968
639.1666718,2972
639.2500051,2974
639.3333384,2974
639.4166718,2978
639.5000051,2980
639.5833385,2982
639.6666718,2986
639.7500051,2988
639.8333385,2992
639.9166718,2992
640.0000051,2996
640.0833385,2998
640.1666718,3000
640.2500051,3002
640.3333385,3004
640.4166718,3006
640.5000051,3010
640.5833385,3014
640.6666718,3014
640.7500051,3016
640.8333385,3020
640.9166718,3020
641.0000051,3026
641.0833385,3026
641.1666718,3032
641.2500051,3032
641.3333385,3038
641.4166718,3038
641.5000051,3040
641.5833385,3040
641.6666718,3044
641.7500051,3048
641.8333385,3052
641.9166718,3052
642.0000051,3054
642.0833385,3056
642.1666718,3060
642.2500051,3062
642.3333385,3064
642.4166718,3066
642.5000051,3070
642.5833385,3072
642.6666718,3076
642.7500051,3076
642.8333385,3080
642.9166718,3080
643.0000051,3084
643.0833385,3090
643.1666718,3088
643.2500051,3088
643.3333385,3092
643.4166718,3096
643.5000051,3100
643.5833385,3102
643.6666718,3104
643.7500052,3106
643.8333385,3108
643.9166718,3112
644.0000052,3112
644.0833385,3112
644.1666718,3116
644.2500052,3120
644.3333385,3120
644.4166718,3122
644.5000052,3126
644.5833385,3130
644.6666718,3132
644.7500052,3134
644.8333385,3138
644.9166718,3138
645.0000052,3142
645.0833385,3144
645.1666718,3144
645.2500052,3150
645.3333385,3150
645.4166718,3152
645.5000052,3156
645.5833385,3156
645.6666718,3164
645.7500052,3162
645.8333385,3166
645.9166718,3170
646.0000052,3172
646.0833385,3172
646.1666718,3176
646.2500052,3180
646.3333385,3180
646.4166718,3182
646.5000052,3188
646.5833385,3186
646.6666718,3190
646.7500052,3192
646.8333385,3192
646.9166718,3198
647.0000052,3198
647.0833385,3200
647.1666718,3204
647.2500052,3206
647.3333385,3208
647.4166718,3212
647.5000052,3216
647.5833385,3214
647.6666718,3220
647.7500052,3222
647.8333385,3226
647.9166719,3224
648.0000052,3230
648.0833385,3230
648.1666719,3236
648.2500052,3236
648.3333385,3238
648.4166719,3242
648.5000052,3244
648.5833385,3244
648.6666719,3246
648.7500052,3252
648.8333385,3254
648.9166719,3256
649.0000052,3260
649.0833385,3258
649.1666719,3264
649.2500052,3264
649.3333385,3270
649.4166719,3272
649.5000052,3272
649.5833385,3278
649.6666719,3278
649.7500052,3282
649.8333385,3284
649.9166719,3286
650.0000052,3292
650.0833385,3288
650.1666719,3292
650.2500052,3296
650.3333385,3298
650.4166719,3298
650.5000052,3302
650.5833385,3304
650.6666719,3306
650.7500052,3308
650.8333385,3312
650.9166719,3312
651.0000052,3316
651.0833385,3320
651.1666719,3320
651.2500052,3322
651.3333385,3324
651.4166719,3328
651.5000052,3332
651.5833385,3328
651.6666719,3334
651.7500052,3336
651.8333385,3340
651.9166719,3342
652.0000052,3342
652.0833386,3346
652.1666719,3348
652.2500052,3350
652.3333386,3352
652.4166719,3354
652.5000052,3360
652.5833386,3360
652.6666719,3360
652.7500052,3368
652.8333386,3366
652.9166719,3368
653.0000052,3374
653.0833386,3374
653.1666719,3380
653.2500052,3380
653.3333386,3380
653.4166719,3384
653.5000052,3388
653.5833386,3388
653.6666719,3392
653.7500052,3394
653.8333386,3396
653.9166719,3396
654.0000052,3400
654.0833386,3404
654.1666719,3406
654.2500052,3408
654.3333386,3412
654.4166719,3414
654.5000052,3416
654.5833386,3416
654.6666719,3420
654.7500052,3420
654.8333386,3428
654.9166719,3428
655.0000052,3432
655.0833386,3434
655.1666719,3436
655.2500052,3436
655.3333386,3438
655.4166719,3444
655.5000052,3446
655.5833386,3448
655.6666719,3452
655.7500052,3454
655.8333386,3456
655.9166719,3456
656.0000052,3458
656.0833386,3460
656.1666719,3466
656.2500053,3468
656.3333386,3470
656.4166719,3472
656.5000053,3476
656.5833386,3476
656.6666719,3478
656.7500053,3484
656.8333386,3488
656.9166719,3486
657.0000053,3488
657.0833386,3492
657.1666719,3494
657.2500053,3496
657.3333386,3496
657.4166719,3500
657.5000053,3502
657.5833386,3504
657.6666719,3508
657.7500053,3512
657.8333386,3514
657.9166719,3514
658.0000053,3516
658.0833386,3516
658.1666719,3524
658.2500053,3524
658.3333386,3528
658.4166719,3532
658.5000053,3532
658.5833386,3536
658.6666719,3540
658.7500053,3540
658.8333386,3544
658.9166719,3544
659.0000053,3546
659.0833386,3548
659.1666719,3552
659.2500053,3550
659.3333386,3552
659.4166719,3556
659.5000053,3560
659.5833386,3560
659.6666719,3562
659.7500053,3568
659.8333386,3568
659.9166719,3570
660.0000053,3576
660.0833386,3576
660.1666719,3578
660.2500053,3584
660.3333386,3582
660.416672,3584
660.5000053,3588
660.5833386,3588
660.666672,3592
660.7500053,3596
660.8333386,3596
660.916672,3598
661.0000053,3602
661.0833386,3606
661.166672,3606
661.2500053,3608
661.3333386,3610
661.416672,3612
661.5000053,3618
661.5833386,3618
661.666672,3622
661.7500053,3622
661.8333386,3626
661.916672,3626
662.0000053,3628
662.0833386,3632
662.166672,3636
662.2500053,3638
662.3333386,3640
662.416672,3644
662.5000053,3642
662.5833386,3646
662.666672,3648
662.7500053,3650
662.8333386,3656
662.916672,3656
663.0000053,3658
663.0833386,3660
663.166672,3664
663.2500053,3664
663.3333386,3668
663.416672,3670
663.5000053,3672
663.5833386,3672
663.666672,3676
663.7500053,3682
663.8333386,3682
663.916672,3682
664.0000053,3688
664.0833386,3688
664.166672,3692
664.2500053,3692
664.3333386,3696
664.416672,3696
664.5000053,3700
664.5833387,3698
664.666672,3702
664.7500053,3708
664.8333387,3712
664.916672,3710
665.0000053,3714
665.0833387,3712
665.166672,3718
665.2500053,3724
665.3333387,3722
665.416672,3724
665.5000053,3728
665.5833387,3730
665.666672,3732
665.7500053,3736
665.8333387,3738
665.916672,3738
666.0000053,3742
666.0833387,3744
666.166672,3744
666.2500053,3744
666.3333387,3748
666.416672,3752
666.5000053,3754
666.5833387,3758
666.666672,3760
666.7500053,3764
666.8333387,3766
666.916672,3764
667.0000053,3766
667.0833387,3768
667.166672,3772
667.2500053,3774
667.3333387,3780
667.416672,3780
667.5000053,3782
667.5833387,3784
667.666672,3786
667.7500053,3788
667.8333387,3792
667.916672,3790
668.0000053,3794
668.0833387,3796
668.166672,3800
668.2500053,3804
668.3333387,3806
668.416672,3808
668.5000053,3808
668.5833387,3812
668.666672,3812
668.7500054,3816
668.8333387,3816
668.916672,3820
669.0000054,3824
669.0833387,3824
669.166672,3828
669.2500054,3830
669.3333387,3832
669.416672,3834
669.5000054,3836
669.5833387,3840
669.666672,3840
669.7500054,3842
669.8333387,3844
669.916672,3848
670.0000054,3850
670.0833387,3852
670.166672,3854
670.2500054,3858
670.3333387,3860
670.416672,3864
670.5000054,3870
670.5833387,3872
670.666672,3876
670.7500054,3878
670.8333387,3880
670.916672,3880
671.0000054,3878
671.0833387,3876
671.166672,3880
671.2500054,3884
671.3333387,3884
671.416672,3886
671.5000054,3892
671.5833387,3894
671.666672,3894
671.7500054,3896
671.8333387,3898
671.916672,3902
672.0000054,3904
672.0833387,3904
672.166672,3908
672.2500054,3908
672.3333387,3912
672.416672,3916
672.5000054,3916
672.5833387,3918
672.666672,3920
672.7500054,3924
672.8333387,3926
672.9166721,3926
673.0000054,3932
673.0833387,3934
673.1666721,3934
673.2500054,3936
673.3333387,3942
673.4166721,3942
673.5000054,3940
673.5833387,3942
673.6666721,3946
673.7500054,3948
673.8333387,3950
673.9166721,3956
674.0000054,3956
674.0833387,3958
674.1666721,3960
674.2500054,3962
674.3333387,3964
674.4166721,3968
674.5000054,3968
674.5833387,3968
674.6666721,3972
674.7500054,3976
674.8333387,3980
674.9166721,3980
675.0000054,3982
675.0833387,3984
675.1666721,3986
675.2500054,3988
675.3333387,3990
675.4166721,3992
675.5000054,3994
675.5833387,3996
675.6666721,4000
675.7500054,4000
675.8333387,4002
675.9166721,4004
676.0000054,4008
676.0833387,4010
676.1666721,4012
676.2500054,4012
676.3333387,4016
676.4166721,4020
676.5000054,4020
676.5833387,4022
676.6666721,4024
676.7500054,4026
676.8333387,4028
676.9166721,4028
677.0000054,4030
677.0833388,4034
677.1666721,4036
677.2500054,4040
677.3333388,4040
677.4166721,4044
677.5000054,4044
677.5833388,4048
677.6666721,4048
677.7500054,4054
677.8333388,4054
677.9166721,4058
678.0000054,4058
678.0833388,4058
678.1666721,4062
678.2500054,4062
678.3333388,4068
678.4166721,4066
678.5000054,4072
678.5833388,4072
678.6666721,4072
678.7500054,4078
678.8333388,4080
678.9166721,4078
679.0000054,4082
679.0833388,4084
679.1666721,4086
679.2500054,4090
679.3333388,4090
679.4166721,4092
679.5000054,4094
679.5833388,4094
679.6666721,4096
679.7500054,4100
679.8333388,4100
679.9166721,4102
680.0000054,4104
680.0833388,4106
680.1666721,4106
680.2500054,4110
680.3333388,4112
680.4166721,4112
680.5000054,4116
680.5833388,4114
680.6666721,4120
680.7500054,4122
680.8333388,4124
680.9166721,4124
681.0000054,4128
681.0833388,4128
681.1666721,4132
681.2500055,4130
681.3333388,4136
681.4166721,4134
681.5000055,4136
681.5833388,4142
681.6666721,4144
681.7500055,4148
681.8333388,4146
681.9166721,4146
682.0000055,4150
682.0833388,4154
682.1666721,4154
682.2500055,4156
682.3333388,4158
682.4166721,4160
682.5000055,4160
682.5833388,4164
682.6666721,4168
682.7500055,4170
682.8333388,4172
682.9166721,4174
683.0000055,4174
683.0833388,4178
683.1666721,4178
683.2500055,4180
683.3333388,4180
683.4166721,4186
683.5000055,4184
683.5833388,4188
683.6666721,4190
683.7500055,4194
683.8333388,4198
683.9166721,4196
684.0000055,4198
684.0833388,4202
684.1666721,4204
684.2500055,4204
684.3333388,4206
684.4166721,4208
684.5000055,4212
684.5833388,4214
684.6666721,4212
684.7500055,4216
684.8333388,4218
684.9166721,4216
685.0000055,4220
685.0833388,4220
685.1666721,4224
685.2500055,4226
685.3333388,4226
685.4166722,4230
685.5000055,4228
685.5833388,4234
685.6666722,4234
685.7500055,4236
685.8333388,4238
685.9166722,4242
686.0000055,4244
686.0833388,4244
686.1666722,4244
686.2500055,4248
686.3333388,4250
686.4166722,4250
686.5000055,4254
686.5833388,4252
686.6666722,4256
686.7500055,4258
686.8333388,4258
686.9166722,4258
687.0000055,4260
687.0833388,4264
687.1666722,4264
687.2500055,4268
687.3333388,4268
687.4166722,4270
687.5000055,4274
687.5833388,4276
687.6666722,4278
687.7500055,4278
687.8333388,4284
687.9166722,4282
688.0000055,4284
688.0833388,4286
688.1666722,4288
688.2500055,4290
688.3333388,4292
688.4166722,4292
688.5000055,4294
688.5833388,4294
688.6666722,4300
688.7500055,4298
688.8333388,4304
688.9166722,4304
689.0000055,4304
689.0833388,4302
689.1666722,4308
689.2500055,4308
689.3333388,4310
689.4166722,4316
689.5000055,4316
689.5833389,4314
689.6666722,4318
689.7500055,4320
689.8333389,4322
689.9166722,4324
690.0000055,4326
690.0833389,4328
690.1666722,4328
690.2500055,4332
690.3333389,4332
690.4166722,4336
690.5000055,4334
690.5833389,4338
690.6666722,4338
690.7500055,4338
690.8333389,4340
690.9166722,4340
691.0000055,4344
691.0833389,4348
691.1666722,4348
691.2500055,4350
691.3333389,4350
691.4166722,4352
691.5000055,4354
691.5833389,4354
691.6666722,4358
691.7500055,4356
691.8333389,4358
691.9166722,4362
692.0000055,4364
692.0833389,4366
692.1666722,4366
692.2500055,4368
692.3333389,4368
692.4166722,4374
692.5000055,4370
692.5833389,4374
692.6666722,4376
692.7500055,4378
692.8333389,4378
692.9166722,4380
693.0000055,4380
693.0833389,4384
693.1666722,4386
693.2500055,4386
693.3333389,4388
693.4166722,4392
693.5000055,4390
693.5833389,4390
693.6666722,4392
693.7500056,4394
693.8333389,4394
693.9166722,4394
694.0000056,4396
694.0833389,4400
694.1666722,4402
694.2500056,4402
694.3333389,4404
694.4166722,4406
694.5000056,4406
694.5833389,4408
694.6666722,4410
694.7500056,4412
694.8333389,4416
694.9166722,4414
695.0000056,4418
695.0833389,4418
695.1666722,4420
695.2500056,4422
695.3333389,4422
695.4166722,4424
695.5000056,4424
695.5833389,4428
695.6666722,4430
695.7500056,4430
695.8333389,4432
695.9166722,4434
696.0000056,4434
696.0833389,4434
696.1666722,4436
696.2500056,4440
696.3333389,4442
696.4166722,4442
696.5000056,4442
696.5833389,4446
696.6666722,4444
696.7500056,4448
696.8333389,4448
696.9166722,4448
697.0000056,4454
697.0833389,4452
697.1666722,4456
697.2500056,4458
697.3333389,4456
697.4166722,4458
697.5000056,4460
697.5833389,4460
697.6666722,4462
697.7500056,4464
697.8333389,4464
697.9166723,4466
698.0000056,4466
698.0833389,4468
698.1666723,4468
698.2500056,4472
698.3333389,4474
698.4166723,4476
698.5000056,4476
698.5833389,4476
698.6666723,4476
698.7500056,4478
698.8333389,4482
698.9166723,4482
699.0000056,4484
699.0833389,4486
699.1666723,4486
699.2500056,4488
699.3333389,4486
699.4166723,4488
699.5000056,4490
699.5833389,4492
699.6666723,4494
699.7500056,4492
699.8333389,4496
699.9166723,4498
700.0000056,4498
700.0833389,4496
700.1666723,4502
700.2500056,4500
700.3333389,4502
700.4166723,4504
700.5000056,4506
700.5833389,4504
700.6666723,4508
700.7500056,4508
700.8333389,4512
700.9166723,4512
701.0000056,4512
701.0833389,4514
701.1666723,4516
701.2500056,4516
701.3333389,4516
701.4166723,4518
701.5000056,4520
701.5833389,4522
701.6666723,4522
701.7500056,4522
701.8333389,4526
701.9166723,4524
702.0000056,4526
702.083339,4528
702.1666723,4528
702.2500056,4528
702.333339,4530
702.4166723,4532
702.5000056,4530
702.583339,4534
702.6666723,4536
702.7500056,4540
702.833339,4538
702.9166723,4538
703.0000056,4538
703.083339,4540
703.1666723,4540
703.2500056,4542
703.333339,4540
703.4166723,4544
703.5000056,4546
703.583339,4544
703.6666723,4550
703.7500056,4546
703.833339,4550
703.9166723,4552
704.0000056,4552
704.083339,4550
704.1666723,4552
704.2500056,4552
704.333339,4556
704.4166723,4554
704.5000056,4558
704.583339,4560
704.6666723,4560
704.7500056,4560
704.833339,4562
704.9166723,4562
705.0000056,4564
705.083339,4564
705.1666723,4564
705.2500056,4568
705.333339,4568
705.4166723,4566
705.5000056,4568
705.583339,4570
705.6666723,4572
705.7500056,4572
705.833339,4574
705.9166723,4574
706.0000056,4574
706.083339,4576
706.1666723,4580
706.2500057,4578
706.333339,4576
706.4166723,4582
706.5000057,4578
706.583339,4578
706.6666723,4580
706.7500057,4580
706.833339,4582
706.9166723,4582
707.0000057,4586
707.083339,4586
707.1666723,4588
707.2500057,4586
707.333339,4588
707.4166723,4588
707.5000057,4590
707.583339,4594
707.6666723,4592
707.7500057,4592
707.833339,4594
707.9166723,4594
708.0000057,4596
708.083339,4592
708.1666723,4598
708.2500057,4598
708.333339,4598
708.4166723,4600
708.5000057,4602
708.583339,4602
708.6666723,4600
708.7500057,4602
708.833339,4600
708.9166723,4604
709.0000057,4602
709.083339,4604
709.1666723,4604
709.2500057,4606
709.333339,4606
709.4166723,4608
709.5000057,4608
709.583339,4608
709.6666723,4612
709.7500057,4610
709.833339,4614
709.9166723,4612
710.0000057,4612
710.083339,4612
710.1666723,4612
710.2500057,4610
710.333339,4612
710.4166724,4612
710.5000057,4616
710.583339,4616
710.6666724,4616
710.7500057,4618
710.833339,4616
710.9166724,4618
711.0000057,4620
711.083339,4622
711.1666724,4620
711.2500057,4622
711.333339,4622
711.4166724,4624
711.5000057,4626
711.583339,4624
711.6666724,4626
711.7500057,4624
711.833339,4624
711.9166724,4628
712.0000057,4624
712.083339,4626
712.1666724,4626
712.2500057,4628
712.333339,4628
712.4166724,4632
712.5000057,4632
712.583339,4632
712.6666724,4632
712.7500057,4630
712.833339,4636
712.9166724,4632
713.0000057,4632
713.083339,4634
713.1666724,4636
713.2500057,4638
713.333339,4634
713.4166724,4636
713.5000057,4640
713.583339,4638
713.6666724,4638
713.7500057,4636
713.833339,4644
713.9166724,4638
714.0000057,4638
714.083339,4642
714.1666724,4640
714.2500057,4642
714.333339,4642
714.4166724,4644
714.5000057,4644
714.5833391,4646
714.6666724,4648
714.7500057,4648
714.8333391,4650
714.9166724,4648
715.0000057,4646
715.0833391,4648
715.1666724,4648
715.2500057,4648
715.3333391,4648
715.4166724,4646
715.5000057,4650
715.5833391,4652
715.6666724,4650
715.7500057,4652
715.8333391,4652
715.9166724,4654
716.0000057,4650
716.0833391,4656
716.1666724,4654
716.2500057,4654
716.3333391,4652
716.4166724,4656
716.5000057,4654
716.5833391,4656
716.6666724,4654
716.7500057,4656
716.8333391,4654
716.9166724,4658
717.0000057,4654
717.0833391,4656
717.1666724,4656
717.2500057,4656
717.3333391,4656
717.4166724,4658
717.5000057,4660
717.5833391,4654
717.6666724,4656
717.7500057,4658
717.8333391,4660
717.9166724,4658
718.0000057,4658
718.0833391,4660
718.1666724,4656
718.2500057,4658
718.3333391,4656
718.4166724,4660
718.5000057,4658
718.5833391,4660
718.6666724,4662
718.7500058,4660
718.8333391,4660
718.9166724,4664
719.0000058,4660
719.0833391,4660
719.1666724,4662
719.2500058,4664
719.3333391,4660
719.4166724,4664
719.5000058,4662
719.5833391,4664
719.6666724,4664
719.7500058,4664
719.8333391,4666
719.9166724,4664
720.0000058,4662
720.0833391,4664
720.1666724,4666
720.2500058,4664
720.3333391,4664
720.4166724,4666
720.5000058,4666
720.5833391,4666
720.6666724,4664
720.7500058,4664
720.8333391,4670
720.9166724,4668
721.0000058,4670
721.0833391,4668
721.1666724,4668
721.2500058,4666
721.3333391,4668
721.4166724,4668
721.5000058,4670
721.5833391,4668
721.6666724,4666
721.7500058,4664
721.8333391,4668
721.9166724,4668
722.0000058,4670
722.0833391,4666
722.1666724,4668
722.2500058,4670
722.3333391,4668
722.4166724,4666
722.5000058,4668
722.5833391,4668
722.6666724,4668
722.7500058,4668
722.8333391,4668
722.9166725,4666
723.0000058,4664
723.0833391,4668
723.1666725,4664
723.2500058,4664
723.3333391,4664
723.4166725,4666
723.5000058,4664
723.5833391,4664
723.6666725,4664
723.7500058,4664
723.8333391,4664
723.9166725,4664
724.0000058,4662
724.0833391,4662
724.1666725,4662
724.2500058,4662
724.3333391,4660
724.4166725,4662
724.5000058,4664
724.5833391,4660
724.6666725,4664
724.7500058,4664
724.8333391,4658
724.9166725,4660
725.0000058,4658
725.0833391,4660
725.1666725,4660
725.2500058,4660
725.3333391,4662
725.4166725,4660
725.5000058,4658
725.5833391,4658
725.6666725,4658
725.7500058,4660
725.8333391,4658
725.9166725,4660
726.0000058,4658
726.0833391,4658
726.1666725,4658
726.2500058,4656
726.3333391,4656
726.4166725,4656
726.5000058,4652
726.5833391,4656
726.6666725,4654
726.7500058,4654
726.8333391,4654
726.9166725,4652
727.0000058,4652
727.0833392,4652
727.1666725,4650
727.2500058,4650
727.3333392,4650
727.4166725,4646
727.5000058,4646
727.5833392,4648
727.6666725,4650
727.7500058,4648
727.8333392,4648
727.9166725,4644
728.0000058,4646
728.0833392,4648
728.1666725,4646
728.2500058,4642
728.3333392,4644
728.4166725,4642
728.5000058,4642
728.5833392,4638
728.6666725,4644
728.7500058,4638
728.8333392,4640
728.9166725,4638
729.0000058,4638
729.0833392,4636
729.1666725,4634
729.2500058,4634
729.3333392,4634
729.4166725,4634
729.5000058,4634
729.5833392,4630
729.6666725,4632
729.7500058,4630
729.8333392,4630
729.9166725,4630
730.0000058,4628
730.0833392,4624
730.1666725,4626
730.2500058,4622
730.3333392,4626
730.4166725,4626
730.5000058,4622
730.5833392,4622
730.6666725,4620
730.7500058,4622
730.8333392,4620
730.9166725,4620
731.0000058,4616
731.0833392,4618
731.1666725,4616
731.2500059,4614
731.3333392,4614
731.4166725,4612
731.5000059,4610
731.5833392,4608
731.6666725,4610
731.7500059,4610
731.8333392,4608
731.9166725,4608
732.0000059,4608
732.0833392,4604
732.1666725,4604
732.2500059,4604
732.3333392,4602
732.4166725,4600
732.5000059,4602
732.5833392,4598
732.6666725,4598
732.7500059,4600
732.8333392,4598
732.9166725,4594
733.0000059,4592
733.0833392,4592
733.1666725,4590
733.2500059,4588
733.3333392,4588
733.4166725,4586
733.5000059,4586
733.5833392,4584
733.6666725,4584
733.7500059,4580
733.8333392,4580
733.9166725,4582
734.0000059,4578
734.0833392,4576
734.1666725,4572
734.2500059,4572
734.3333392,4572
734.4166725,4572
734.5000059,4568
734.5833392,4568
734.6666725,4568
734.7500059,4568
734.8333392,4564
734.9166725,4560
735.0000059,4560
735.0833392,4560
735.1666725,4558
735.2500059,4554
735.3333392,4552
735.4166726,4550
735.5000059,4548
735.5833392,4546
735.6666726,4544
735.7500059,4542
735.8333392,4540
735.9166726,4540
736.0000059,4536
736.0833392,4538
736.1666726,4536
736.2500059,4532
736.3333392,4532
736.4166726,4530
736.5000059,4528
736.5833392,4526
736.6666726,4524
736.7500059,4524
736.8333392,4522
736.9166726,4518
737.0000059,4518
737.0833392,4514
737.1666726,4514
737.2500059,4510
737.3333392,4512
737.4166726,4508
737.5000059,4504
737.5833392,4502
737.6666726,4498
737.7500059,4498
737.8333392,4498
737.9166726,4492
738.0000059,4494
738.0833392,4492
738.1666726,4488
738.2500059,4488
738.3333392,4484
738.4166726,4480
738.5000059,4480
738.5833392,4478
738.6666726,4476
738.7500059,4476
738.8333392,4472
738.9166726,4470
739.0000059,4470
739.0833392,4464
739.1666726,4464
739.2500059,4462
739.3333392,4456
739.4166726,4458
739.5000059,4454
739.5833393,4452
739.6666726,4450
739.7500059,4448
739.8333393,4444
739.9166726,4442
740.0000059,4440
740.0833393,4436
740.1666726,4436
740.2500059,4432
740.3333393,4432
740.4166726,4426
740.5000059,4426
740.5833393,4426
740.6666726,4422
740.7500059,4418
740.8333393,4418
740.9166726,4416
741.0000059,4414
741.0833393,4412
741.1666726,4406
741.2500059,4402
741.3333393,4398
741.4166726,4398
741.5000059,4396
741.5833393,4394
741.6666726,4388
741.7500059,4386
741.8333393,4384
741.9166726,4380
742.0000059,4376
742.0833393,4374
742.1666726,4372
742.2500059,4370
742.3333393,4364
742.4166726,4366
742.5000059,4364
742.5833393,4360
742.6666726,4358
742.7500059,4354
742.8333393,4352
742.9166726,4350
743.0000059,4346
743.0833393,4342
743.1666726,4340
743.2500059,4336
743.3333393,4336
743.4166726,4332
743.5000059,4332
743.5833393,4322
743.6666726,4320
743.750006,4318
743.8333393,4316
743.9166726,4316
744.000006,4310
744.0833393,4304
744.1666726,4304
744.250006,4300
744.3333393,4296
744.4166726,4292
744.500006,4290
744.5833393,4288
744.6666726,4284
744.750006,4280
744.8333393,4278
744.9166726,4276
745.000006,4270
745.0833393,4266
745.1666726,4264
745.250006,4260
745.3333393,4260
745.4166726,4254
745.500006,4250
745.5833393,4246
745.6666726,4242
745.750006,4242
745.8333393,4240
745.9166726,4232
746.000006,4230
746.0833393,4224
746.1666726,4222
746.250006,4220
746.3333393,4216
746.4166726,4210
746.500006,4210
746.5833393,4204
746.6666726,4200
746.750006,4196
746.8333393,4196
746.9166726,4190
747.000006,4186
747.0833393,4184
747.1666726,4180
747.250006,4172
747.3333393,4170
747.4166726,4170
747.500006,4166
747.5833393,4160
747.6666726,4156
747.750006,4152
747.8333393,4148
747.9166727,4144
748.000006,4140
748.0833393,4136
748.1666727,4134
748.250006,4130
748.3333393,4124
748.4166727,4120
748.500006,4116
748.5833393,4112
748.6666727,4106
748.750006,4104
748.8333393,4100
748.9166727,4096
749.000006,4092
749.0833393,4090
749.1666727,4086
749.250006,4082
749.3333393,4076
749.4166727,4070
749.500006,4068
749.5833393,4064
749.6666727,4058
749.750006,4052
749.8333393,4048
749.9166727,4042
750.000006,4042
750.0833393,4036
750.1666727,4032
750.250006,4026
750.3333393,4024
750.4166727,4018
750.500006,4014
750.5833393,4010
750.6666727,4004
750.750006,4002
750.8333393,3996
750.9166727,3994
751.000006,3988
751.0833393,3982
751.1666727,3980
751.250006,3976
751.3333393,3970
751.4166727,3964
751.500006,3962
751.5833393,3956
751.6666727,3950
751.750006,3948
751.8333393,3942
751.9166727,3934
752.000006,3936
752.0833394,3930
752.1666727,3924
752.250006,3918
752.3333394,3910
752.4166727,3908
752.500006,3904
752.5833394,3896
752.6666727,3892
752.750006,3888
752.8333394,3886
752.9166727,3880
753.000006,3876
753.0833394,3870
753.1666727,3866
753.250006,3860
753.3333394,3856
753.4166727,3850
753.500006,3844
753.5833394,3840
753.6666727,3836
753.750006,3830
753.8333394,3826
753.9166727,3822
754.000006,3816
754.0833394,3812
754.1666727,3806
754.250006,3804
754.3333394,3798
754.4166727,3792
754.500006,3784
754.5833394,3782
754.6666727,3776
754.750006,3772
754.8333394,3764
754.9166727,3762
755.000006,3756
755.0833394,3748
755.1666727,3748
755.250006,3740
755.3333394,3736
755.4166727,3728
755.500006,3728
755.5833394,3720
755.6666727,3714
755.750006,3710
755.8333394,3704
755.9166727,3700
756.000006,3696
756.0833394,3688
756.1666727,3684
756.2500061,3682
756.3333394,3672
756.4166727,3668
756.5000061,3664
756.5833394,3658
756.6666727,3654
756.7500061,3648
756.8333394,3644
756.9166727,3638
757.0000061,3632
757.0833394,3628
757.1666727,3622
757.2500061,3616
757.3333394,3612
757.4166727,3608
757.5000061,3600
757.5833394,3594
757.6666727,3590
757.7500061,3584
757.8333394,3580
757.9166727,3580
758.0000061,3572
758.0833394,3568
758.1666727,3560
758.2500061,3556
758.3333394,3548
758.4166727,3544
758.5000061,3540
758.5833394,3534
758.6666727,3532
758.7500061,3524
758.8333394,3516
758.9166727,3514
759.0000061,3506
759.0833394,3502
759.1666727,3492
759.2500061,3488
759.3333394,3482
759.4166727,3472
759.5000061,3466
759.5833394,3460
759.6666727,3456
759.7500061,3450
759.8333394,3440
759.9166727,3436
760.0000061,3428
760.0833394,3422
760.1666727,3418
760.2500061,3414
760.3333394,3408
760.4166728,3406
760.5000061,3398
760.5833394,3394
760.6666728,3390
760.7500061,3384
760.8333394,3376
760.9166728,3374
761.0000061,3368
761.0833394,3366
761.1666728,3360
761.2500061,3356
761.3333394,3352
761.4166728,3348
761.5000061,3340
761.5833394,3336
761.6666728,3332
761.7500061,3328
761.8333394,3320
761.9166728,3314
762.0000061,3306
762.0833394,3300
762.1666728,3296
762.2500061,3288
762.3333394,3280
762.4166728,3274
762.5000061,3272
762.5833394,3266
762.6666728,3258
762.7500061,3256
762.8333394,3246
762.9166728,3244
763.0000061,3234
763.0833394,3228
763.1666728,3228
763.2500061,3220
763.3333394,3214
763.4166728,3208
763.5000061,3204
763.5833394,3200
763.6666728,3192
763.7500061,3188
763.8333394,3180
763.9166728,3178
764.0000061,3170
764.0833394,3168
764.1666728,3162
764.2500061,3156
764.3333394,3150
764.4166728,3144
764.5000061,3140
764.5833395,3132
764.6666728,3128
764.7500061,3122
764.8333395,3118
764.9166728,3112
765.0000061,3108
765.0833395,3104
765.1666728,3098
765.2500061,3090
765.3333395,3090
765.4166728,3084
765.5000061,3076
765.5833395,3072
765.6666728,3068
765.7500061,3062
765.8333395,3058
765.9166728,3050
766.0000061,3048
766.0833395,3044
766.1666728,3034
766.2500061,3034
766.3333395,3028
766.4166728,3022
766.5000061,3016
766.5833395,3012
766.6666728,3004
766.7500061,3002
766.8333395,2996
766.9166728,2990
767.0000061,2984
767.0833395,2980
767.1666728,2974
767.2500061,2968
767.3333395,2966
767.4166728,2962
767.5000061,2956
767.5833395,2952
767.6666728,2946
767.7500061,2940
767.8333395,2936
767.9166728,2930
768.0000061,2926
768.0833395,2920
768.1666728,2916
768.2500061,2912
768.3333395,2908
768.4166728,2900
768.5000061,2896
768.5833395,2892
768.6666728,2884
768.7500062,2880
768.8333395,2876
768.9166728,2872
769.0000062,2868
769.0833395,2862
769.1666728,2856
769.2500062,2852
769.3333395,2846
769.4166728,2844
769.5000062,2838
769.5833395,2832
769.6666728,2828
769.7500062,2824
769.8333395,2820
769.9166728,2816
770.0000062,2812
770.0833395,2808
770.1666728,2802
770.2500062,2798
770.3333395,2794
770.4166728,2788
770.5000062,2784
770.5833395,2782
770.6666728,2776
770.7500062,2772
770.8333395,2766
770.9166728,2764
771.0000062,2760
771.0833395,2754
771.1666728,2750
771.2500062,2746
771.3333395,2744
771.4166728,2738
771.5000062,2734
771.5833395,2732
771.6666728,2728
771.7500062,2720
771.8333395,2716
771.9166728,2716
772.0000062,2708
772.0833395,2706
772.1666728,2700
772.2500062,2700
772.3333395,2692
772.4166728,2692
772.5000062,2686
772.5833395,2680
772.6666728,2676
772.7500062,2674
772.8333395,2670
772.9166729,2664
773.0000062,2664
773.0833395,2656
773.1666729,2652
773.2500062,2650
773.3333395,2644
773.4166729,2640
773.5000062,2640
773.5833395,2636
773.6666729,2632
773.7500062,2624
773.8333395,2624
773.9166729,2620
774.0000062,2616
774.0833395,2612
774.1666729,2608
774.2500062,2604
774.3333395,2604
774.4166729,2600
774.5000062,2594
774.5833395,2596
774.6666729,2588
774.7500062,2582
774.8333395,2582
774.9166729,2578
775.0000062,2572
775.0833395,2574
775.1666729,2570
775.2500062,2566
775.3333395,2562
775.4166729,2560
775.5000062,2560
775.5833395,2556
775.6666729,2552
775.7500062,2550
775.8333395,2548
775.9166729,2544
776.0000062,2542
776.0833395,2538
776.1666729,2534
776.2500062,2532
776.3333395,2526
776.4166729,2526
776.5000062,2522
776.5833395,2518
776.6666729,2516
776.7500062,2516
776.8333395,2512
776.9166729,2512
777.0000062,2508
777.0833396,2506
777.1666729,2504
777.2500062,2500
777.3333396,2498
777.4166729,2496
777.5000062,2492
777.5833396,2494
777.6666729,2488
777.7500062,2482
777.8333396,2484
777.9166729,2484
778.0000062,2480
778.0833396,2474
778.1666729,2472
778.2500062,2472
778.3333396,2470
778.4166729,2470
778.5000062,2468
778.5833396,2468
778.6666729,2462
778.7500062,2466
778.8333396,2460
778.9166729,2460
779.0000062,2458
779.0833396,2454
779.1666729,2454
779.2500062,2452
779.3333396,2448
779.4166729,2448
779.5000062,2446
779.5833396,2444
779.6666729,2442
779.7500062,2444
779.8333396,2440
779.9166729,2438
780.0000062,2440
780.0833396,2436
780.1666729,2434
780.2500062,2432
780.3333396,2432
780.4166729,2430
780.5000062,2430
780.5833396,2428
780.6666729,2428
780.7500062,2428
780.8333396,2430
780.9166729,2428
781.0000062,2424
781.0833396,2424
781.1666729,2424
781.2500063,2418
781.3333396,2420
781.4166729,2420
781.5000063,2418
781.5833396,2418
781.6666729,2418
781.7500063,2416
781.8333396,2416
781.9166729,2414
782.0000063,2414
782.0833396,2416
782.1666729,2414
782.2500063,2410
782.3333396,2410
782.4166729,2412
782.5000063,2414
782.5833396,2408
782.6666729,2412
782.7500063,2410
782.8333396,2410
782.9166729,2412
783.0000063,2408
783.0833396,2408
783.1666729,2408
783.2500063,2410
783.3333396,2408
783.4166729,2408
783.5000063,2406
783.5833396,2406
783.6666729,2408
783.7500063,2408
783.8333396,2406
783.9166729,2410
784.0000063,2410
784.0833396,2404
784.1666729,2410
784.2500063,2408
784.3333396,2408
784.4166729,2410
784.5000063,2410
784.5833396,2408
784.6666729,2408
784.7500063,2412
784.8333396,2410
784.9166729,2410
785.0000063,2412
785.0833396,2412
785.1666729,2412
785.2500063,2416
785.3333396,2412
785.416673,2414
785.5000063,2414
785.5833396,2418
785.666673,2414
785.7500063,2416
785.8333396,2420
785.916673,2418
786.0000063,2420
786.0833396,2418
786.166673,2422
786.2500063,2420
786.3333396,2420
786.416673,2424
786.5000063,2424
786.5833396,2426
786.666673,2426
786.7500063,2424
786.8333396,2428
786.916673,2428
787.0000063,2428
787.0833396,2432
787.166673,2432
787.2500063,2432
787.3333396,2434
787.416673,2436
787.5000063,2438
787.5833396,2438
787.666673,2436
787.7500063,2438
787.8333396,2442
787.916673,2442
788.0000063,2446
788.0833396,2444
788.166673,2446
788.2500063,2448
788.3333396,2452
788.416673,2452
788.5000063,2454
788.5833396,2452
788.666673,2454
788.7500063,2456
788.8333396,2456
788.916673,2460
789.0000063,2460
789.0833396,2460
789.166673,2464
789.2500063,2464
789.3333396,2468
789.416673,2470
789.5000063,2472
789.5833397,2474
789.666673,2476
789.7500063,2476
789.8333397,2478
789.916673,2480
790.0000063,2484
790.0833397,2484
790.166673,2486
790.2500063,2488
790.3333397,2492
790.416673,2490
790.5000063,2496
790.5833397,2496
790.666673,2498
790.7500063,2500
790.8333397,2500
790.916673,2504
791.0000063,2508
791.0833397,2508
791.166673,2512
791.2500063,2512
791.3333397,2516
791.416673,2516
791.5000063,2518
791.5833397,2520
791.666673,2524
791.7500063,2526
791.8333397,2528
791.916673,2532
792.0000063,2532
792.0833397,2534
792.166673,2540
792.2500063,2540
792.3333397,2540
792.416673,2542
792.5000063,2544
792.5833397,2546
792.666673,2550
792.7500063,2550
792.8333397,2554
792.916673,2556
793.0000063,2560
793.0833397,2560
793.166673,2564
793.2500063,2566
793.3333397,2566
793.416673,2570
793.5000063,2572
793.5833397,2572
793.666673,2576
793.7500064,2580
793.8333397,2580
793.916673,2584
794.0000064,2588
794.0833397,2588
794.166673,2592
794.2500064,2592
794.3333397,2596
794.416673,2598
794.5000064,2604
794.5833397,2602
794.666673,2604
794.7500064,2604
794.8333397,2612
794.916673,2614
795.0000064,2616
795.0833397,2618
795.166673,2620
795.2500064,2620
795.3333397,2624
795.416673,2626
795.5000064,2632
795.5833397,2634
795.666673,2636
795.7500064,2638
795.8333397,2640
795.916673,2644
796.0000064,2646
796.0833397,2646
796.166673,2652
796.2500064,2654
796.3333397,2654
796.416673,2658
796.5000064,2662
796.5833397,2664
796.666673,2664
796.7500064,2668
796.8333397,2672
796.916673,2672
797.0000064,2678
797.0833397,2678
797.166673,2682
797.2500064,2684
797.3333397,2686
797.416673,2690
797.5000064,2692
797.5833397,2692
797.666673,2694
797.7500064,2698
797.8333397,2700
797.9166731,2702
798.0000064,2704
798.0833397,2710
798.1666731,2714
798.2500064,2714
798.3333397,2716
798.4166731,2718
798.5000064,2720
798.5833397,2722
798.6666731,2728
798.7500064,2730
798.8333397,2730
798.9166731,2734
799.0000064,2734
799.0833397,2736
799.1666731,2740
799.2500064,2744
799.3333397,2744
799.4166731,2746
799.5000064,2750
799.5833397,2752
799.6666731,2756
799.7500064,2760
799.8333397,2758
799.9166731,2760
800.0000064,2766
800.0833397,2766
800.1666731,2772
800.2500064,2772
800.3333397,2772
800.4166731,2776
800.5000064,2778
800.5833397,2780
800.6666731,2782
800.7500064,2786
800.8333397,2788
800.9166731,2788
801.0000064,2790
801.0833397,2796
801.1666731,2796
801.2500064,2800
801.3333397,2804
801.4166731,2804
801.5000064,2810
801.5833397,2806
801.6666731,2812
801.7500064,2814
801.8333397,2814
801.9166731,2816
802.0000064,2818
802.0833398,2822
802.1666731,2824
802.2500064,2826
802.3333398,2828
802.4166731,2830
802.5000064,2832
802.5833398,2832
802.6666731,2836
802.7500064,2836
802.8333398,2838
802.9166731,2842
803.0000064,2848
803.0833398,2844
803.1666731,2850
803.2500064,2854
803.3333398,2854
803.4166731,2856
803.5000064,2858
803.5833398,2858
803.6666731,2862
803.7500064,2862
803.8333398,2866
803.9166731,2868
804.0000064,2870
804.0833398,2870
804.1666731,2870
804.2500064,2874
804.3333398,2876
804.4166731,2878
804.5000064,2884
804.5833398,2884
804.6666731,2884
804.7500064,2890
804.8333398,2890
804.9166731,2892
805.0000064,2894
805.0833398,2896
805.1666731,2896
805.2500064,2902
805.3333398,2900
805.4166731,2902
805.5000064,2904
805.5833398,2906
805.6666731,2906
805.7500064,2908
805.8333398,2910
805.9166731,2912
806.0000064,2910
806.0833398,2914
806.1666731,2918
806.2500065,2918
806.3333398,2920
806.4166731,2922
806.5000065,2924
806.5833398,2924
806.6666731,2924
806.7500065,2928
806.8333398,2928
806.9166731,2930
807.0000065,2932
807.0833398,2934
807.1666731,2938
807.2500065,2936
807.3333398,2940
807.4166731,2942
807.5000065,2942
807.5833398,2942
807.6666731,2946
807.7500065,2944
807.8333398,2944
807.9166731,2950
808.0000065,2948
808.0833398,2950
808.1666731,2956
808.2500065,2954
808.3333398,2954
808.4166731,2954
808.5000065,2958
808.5833398,2958
808.6666731,2960
808.7500065,2960
808.8333398,2964
808.9166731,2962
809.0000065,2964
809.0833398,2968
809.1666731,2970
809.2500065,2972
809.3333398,2972
809.4166731,2972
809.5000065,2972
809.5833398,2972
809.6666731,2976
809.7500065,2976
809.8333398,2978
809.9166731,2976
810.0000065,2978
810.0833398,2976
810.1666731,2980
810.2500065,2978
810.3333398,2982
810.4166732,2982
810.5000065,2986
810.5833398,2984
810.6666732,2984
810.7500065,2988
810.8333398,2988
810.9166732,2988
811.0000065,2988
811.0833398,2992
811.1666732,2988
811.2500065,2992
811.3333398,2992
811.4166732,2992
811.5000065,2996
811.5833398,2994
811.6666732,2994
811.7500065,2994
811.8333398,2994
811.9166732,2998
812.0000065,2996
812.0833398,2996
812.1666732,2998
812.2500065,2998
812.3333398,2998
812.4166732,3000
812.5000065,2998
812.5833398,3000
812.6666732,3000
812.7500065,3000
812.8333398,3000
812.9166732,3002
813.0000065,3000
813.0833398,3002
813.1666732,3004
813.2500065,3002
813.3333398,3004
813.4166732,3004
813.5000065,3008
813.5833398,3004
813.6666732,3004
813.7500065,3006
813.8333398,3004
813.9166732,3006
814.0000065,3008
814.0833398,3006
814.1666732,3008
814.2500065,3006
814.3333398,3010
814.4166732,3006
814.5000065,3008
814.5833399,3006
814.6666732,3008
814.7500065,3006
814.8333399,3004
814.9166732,3008
815.0000065,3008
815.0833399,3008
815.1666732,3008
815.2500065,3006
815.3333399,3006
815.4166732,3008
815.5000065,3008
815.5833399,3004
815.6666732,3008
815.7500065,3010
815.8333399,3008
815.9166732,3006
816.0000065,3006
816.0833399,3008
816.1666732,3010
816.2500065,3008
816.3333399,3010
816.4166732,3008
816.5000065,3008
816.5833399,3008
816.6666732,3006
816.7500065,3006
816.8333399,3006
816.9166732,3008
817.0000065,3004
817.0833399,3008
817.1666732,3004
817.2500065,3006
817.3333399,3004
817.4166732,3004
817.5000065,3006
817.5833399,3004
817.6666732,3006
817.7500065,3006
817.8333399,3008
817.9166732,3004
818.0000065,3006
818.0833399,3004
818.1666732,3004
818.2500065,3004
818.3333399,3002
818.4166732,3000
818.5000065,3002
818.5833399,2998
818.6666732,2996
818.7500066,3000
818.8333399,3002
818.9166732,3000
819.0000066,2998
819.0833399,2998
819.1666732,2998
819.2500066,2996
819.3333399,2996
819.4166732,2996
819.5000066,2996
819.5833399,2994
819.6666732,2996
819.7500066,2994
819.8333399,2994
819.9166732,2992
820.0000066,2992
820.0833399,2994
820.1666732,2992
820.2500066,2992
820.3333399,2992
820.4166732,2990
820.5000066,2988
820.5833399,2988
820.6666732,2990
820.7500066,2986
820.8333399,2986
820.9166732,2986
821.0000066,2986
821.0833399,2984
821.1666732,2984
821.2500066,2980
821.3333399,2982
821.4166732,2980
821.5000066,2980
821.5833399,2978
821.6666732,2980
821.7500066,2980
821.8333399,2976
821.9166732,2976
822.0000066,2976
822.0833399,2972
822.1666732,2972
822.2500066,2968
822.3333399,2966
822.4166732,2964
822.5000066,2964
822.5833399,2964
822.6666732,2962
822.7500066,2964
822.8333399,2964
822.9166733,2964
823.0000066,2962
823.0833399,2960
823.1666733,2960
823.2500066,2962
823.3333399,2960
823.4166733,2960
823.5000066,2958
823.5833399,2956
823.6666733,2956
823.7500066,2952
823.8333399,2952
823.9166733,2950
824.0000066,2948
824.0833399,2950
824.1666733,2946
824.2500066,2948
824.3333399,2946
824.4166733,2944
824.5000066,2942
824.5833399,2942
824.6666733,2942
824.7500066,2940
824.8333399,2940
824.9166733,2940
825.0000066,2936
825.0833399,2936
825.1666733,2934
825.2500066,2934
825.3333399,2934
825.4166733,2930
825.5000066,2932
825.5833399,2928
825.6666733,2928
825.7500066,2928
825.8333399,2926
825.9166733,2922
826.0000066,2924
826.0833399,2920
826.1666733,2920
826.2500066,2920
826.3333399,2916
826.4166733,2916
826.5000066,2916
826.5833399,2914
826.6666733,2912
826.7500066,2910
826.8333399,2908
826.9166733,2906
827.0000066,2906
827.08334,2904
827.1666733,2904
827.2500066,2902
827.33334,2900
827.4166733,2900
827.5000066,2900
827.58334,2898
827.6666733,2896
827.7500066,2894
827.83334,2892
827.9166733,2890
828.0000066,2888
828.08334,2890
828.1666733,2884
828.2500066,2884
828.33334,2880
828.4166733,2882
828.5000066,2878
828.58334,2880
828.6666733,2878
828.7500066,2876
828.83334,2872
828.9166733,2872
829.0000066,2870
829.08334,2868
829.1666733,2870
829.2500066,2866
829.33334,2866
829.4166733,2864
829.5000066,2862
829.58334,2860
829.6666733,2858
829.7500066,2858
829.83334,2856
829.9166733,2854
830.0000066,2852
830.08334,2850
830.1666733,2848
830.2500066,2842
830.33334,2842
830.4166733,2842
830.5000066,2844
830.58334,2840
830.6666733,2838
830.7500066,2836
830.83334,2832
830.9166733,2832
831.0000066,2832
831.08334,2828
831.1666733,2828
831.2500067,2826
831.33334,2824
831.4166733,2824
831.5000067,2822
831.58334,2822
831.6666733,2820
831.7500067,2816
831.83334,2816
831.9166733,2816
832.0000067,2814
832.08334,2812
832.1666733,2812
832.2500067,2808
832.33334,2808
832.4166733,2806
832.5000067,2802
832.58334,2800
832.6666733,2800
832.7500067,2798
832.83334,2796
832.9166733,2794
833.0000067,2792
833.08334,2788
833.1666733,2788
833.2500067,2784
833.33334,2784
833.4166733,2780
833.5000067,2782
833.58334,2780
833.6666733,2776
833.7500067,2774
833.83334,2774
833.9166733,2770
834.0000067,2772
834.08334,2766
834.1666733,2768
834.2500067,2764
834.33334,2764
834.4166733,2762
834.5000067,2762
834.58334,2760
834.6666733,2756
834.7500067,2756
834.83334,2756
834.9166733,2752
835.0000067,2752
835.08334,2746
835.1666733,2748
835.2500067,2744
835.33334,2740
835.4166734,2738
835.5000067,2736
835.58334,2734
835.6666734,2732
835.7500067,2732
835.83334,2730
835.9166734,2728
836.0000067,2724
836.08334,2726
836.1666734,2724
836.2500067,2718
836.33334,2720
836.4166734,2716
836.5000067,2716
836.58334,2716
836.6666734,2712
836.7500067,2712
836.83334,2708
836.9166734,2706
837.0000067,2704
837.08334,2704
837.1666734,2700
837.2500067,2698
837.33334,2700
837.4166734,2698
837.5000067,2694
837.58334,2692
837.6666734,2692
837.7500067,2686
837.83334,2686
837.9166734,2686
838.0000067,2682
838.08334,2678
838.1666734,2680
838.2500067,2676
838.33334,2674
838.4166734,2672
838.5000067,2672
838.58334,2672
838.6666734,2670
838.7500067,2668
838.83334,2664
838.9166734,2664
839.0000067,2660
839.08334,2656
839.1666734,2656
839.2500067,2656
839.33334,2654
839.4166734,2650
839.5000067,2650
839.5833401,2648
839.6666734,2646
839.7500067,2644
839.8333401,2640
839.9166734,2640
840.0000067,2636
840.0833401,2636
840.1666734,2636
840.2500067,2632
840.3333401,2632
840.4166734,2628
840.5000067,2628
840.5833401,2624
840.6666734,2624
840.7500067,2622
840.8333401,2622
840.9166734,2620
841.0000067,2616
841.0833401,2616
841.1666734,2612
841.2500067,2612
841.3333401,2608
841.4166734,2608
841.5000067,2606
841.5833401,2604
841.6666734,2604
841.7500067,2602
841.8333401,2598
841.9166734,2594
842.0000067,2594
842.0833401,2590
842.1666734,2588
842.2500067,2590
842.3333401,2588
842.4166734,2586
842.5000067,2582
842.5833401,2582
842.6666734,2582
842.7500067,2576
842.8333401,2580
842.9166734,2576
843.0000067,2572
843.0833401,2572
843.1666734,2570
843.2500067,2568
843.3333401,2566
843.4166734,2564
843.5000067,2564
843.5833401,2560
843.6666734,2560
843.7500068,2556
843.8333401,2556
843.9166734,2558
844.0000068,2552
844.0833401,2550
844.1666734,2550
844.2500068,2550
844.3333401,2548
844.4166734,2544
844.5000068,2544
844.5833401,2542
844.6666734,2540
844.7500068,2540
844.8333401,2538
844.9166734,2536
845.0000068,2532
845.0833401,2530
845.1666734,2532
845.2500068,2530
845.3333401,2526
845.4166734,2526
845.5000068,2522
845.5833401,2522
845.6666734,2518
845.7500068,2520
845.8333401,2516
845.9166734,2514
846.0000068,2512
846.0833401,2512
846.1666734,2508
846.2500068,2510
846.3333401,2508
846.4166734,2506
846.5000068,2502
846.5833401,2504
846.6666734,2504
846.7500068,2500
846.8333401,2500
846.9166734,2496
847.0000068,2496
847.0833401,2498
847.1666734,2492
847.2500068,2490
847.3333401,2490
847.4166734,2488
847.5000068,2486
847.5833401,2486
847.6666734,2484
847.7500068,2480
847.8333401,2482
847.9166735,2482
848.0000068,2478
848.0833401,2476
848.1666735,2474
848.2500068,2476
848.3333401,2468
848.4166735,2472
848.5000068,2470
848.5833401,2468
848.6666735,2466
848.7500068,2464
848.8333401,2464
848.9166735,2464
849.0000068,2462
849.0833401,2458
849.1666735,2458
849.2500068,2454
849.3333401,2456
849.4166735,2452
849.5000068,2452
849.5833401,2450
849.6666735,2448
849.7500068,2446
849.8333401,2446
849.9166735,2442
850.0000068,2442
850.0833401,2444
850.1666735,2442
850.2500068,2436
850.3333401,2438
850.4166735,2436
850.5000068,2436
850.5833401,2432
850.6666735,2436
850.7500068,2432
850.8333401,2430
850.9166735,2426
851.0000068,2426
851.0833401,2426
851.1666735,2424
851.2500068,2424
851.3333401,2422
851.4166735,2422
851.5000068,2424
851.5833401,2422
851.6666735,2420
851.7500068,2418
851.8333401,2416
851.9166735,2416
852.0000068,2414
852.0833402,2412
852.1666735,2412
852.2500068,2408
852.3333402,2410
852.4166735,2406
852.5000068,2408
852.5833402,2404
852.6666735,2406
852.7500068,2402
852.8333402,2400
852.9166735,2402
853.0000068,2402
853.0833402,2400
853.1666735,2398
853.2500068,2400
853.3333402,2400
853.4166735,2396
853.5000068,2398
853.5833402,2396
853.6666735,2390
853.7500068,2392
853.8333402,2390
853.9166735,2390
854.0000068,2390
854.0833402,2388
854.1666735,2388
854.2500068,2386
854.3333402,2386
854.4166735,2384
854.5000068,2384
854.5833402,2384
854.6666735,2384
854.7500068,2380
854.8333402,2382
854.9166735,2380
855.0000068,2378
855.0833402,2376
855.1666735,2378
855.2500068,2380
855.3333402,2376
855.4166735,2374
855.5000068,2372
855.5833402,2374
855.6666735,2376
855.7500068,2372
855.8333402,2372
855.9166735,2368
856.0000068,2368
856.0833402,2368
856.1666735,2368
856.2500069,2368
856.3333402,2368
856.4166735,2366
856.5000069,2368
856.5833402,2364
856.6666735,2364
856.7500069,2364
856.8333402,2362
856.9166735,2366
857.0000069,2360
857.0833402,2358
857.1666735,2360
857.2500069,2360
857.3333402,2360
857.4166735,2360
857.5000069,2360
857.5833402,2360
857.6666735,2358
857.7500069,2356
857.8333402,2356
857.9166735,2358
858.0000069,2356
858.0833402,2354
858.1666735,2354
858.2500069,2354
858.3333402,2354
858.4166735,2352
858.5000069,2354
858.5833402,2354
858.6666735,2350
858.7500069,2352
858.8333402,2352
858.9166735,2350
859.0000069,2352
859.0833402,2350
859.1666735,2352
859.2500069,2348
859.3333402,2350
859.4166735,2346
859.5000069,2350
859.5833402,2346
859.6666735,2346
859.7500069,2348
859.8333402,2348
859.9166735,2348
860.0000069,2346
860.0833402,2346
860.1666735,2346
860.2500069,2344
860.3333402,2346
860.4166736,2344
860.5000069,2344
860.5833402,2346
860.6666736,2346
860.7500069,2346
860.8333402,2348
860.9166736,2344
861.0000069,2346
861.0833402,2346
861.1666736,2348
861.2500069,2346
861.3333402,2344
861.4166736,2346
861.5000069,2346
861.5833402,2348
861.6666736,2346
861.7500069,2346
861.8333402,2344
861.9166736,2344
862.0000069,2346
862.0833402,2346
862.1666736,2344
862.2500069,2344
862.3333402,2346
862.4166736,2346
862.5000069,2348
862.5833402,2342
862.6666736,2344
862.7500069,2344
862.8333402,2346
862.9166736,2346
863.0000069,2344
863.0833402,2344
863.1666736,2344
863.2500069,2346
863.3333402,2348
863.4166736,2344
863.5000069,2348
863.5833402,2342
863.6666736,2346
863.7500069,2348
863.8333402,2348
863.9166736,2348
864.0000069,2352
864.0833402,2348
864.1666736,2350
864.2500069,2352
864.3333402,2352
864.4166736,2354
864.5000069,2352
864.5833403,2350
864.6666736,2350
864.7500069,2348
864.8333403,2354
864.9166736,2354
865.0000069,2354
865.0833403,2354
865.1666736,2356
865.2500069,2356
865.3333403,2356
865.4166736,2356
865.5000069,2358
865.5833403,2356
865.6666736,2356
865.7500069,2358
865.8333403,2360
865.9166736,2358
866.0000069,2360
866.0833403,2364
866.1666736,2362
866.2500069,2364
866.3333403,2360
866.4166736,2360
866.5000069,2362
866.5833403,2364
866.6666736,2364
866.7500069,2364
866.8333403,2366
866.9166736,2366
867.0000069,2366
867.0833403,2368
867.1666736,2370
867.2500069,2372
867.3333403,2370
867.4166736,2374
867.5000069,2376
867.5833403,2372
867.6666736,2374
867.7500069,2376
867.8333403,2374
867.9166736,2376
868.0000069,2378
868.0833403,2380
868.1666736,2380
868.2500069,2380
868.3333403,2384
868.4166736,2382
868.5000069,2386
868.5833403,2386
868.6666736,2388
868.750007,2388
868.8333403,2388
868.9166736,2392
869.000007,2388
869.0833403,2392
869.1666736,2394
869.250007,2392
869.3333403,2392
869.4166736,2392
869.500007,2394
